product_key,product_name,brand,category,price
1,Apple Magnam,Apple,Mobile,6482.24
2,OnePlus Consequatur,OnePlus,Mobile,35418.54
3,Samsung Perspiciatis,Samsung,Mobile,27905.3
4,Apple Numquam,Apple,Mobile,41740.51
5,OnePlus Iusto,OnePlus,Mobile,32358.63
6,OnePlus Quia,OnePlus,Mobile,21206.93
7,OnePlus Dicta,OnePlus,Mobile,38664.39
8,Samsung Ipsum,Samsung,Mobile,1409.58
9,OnePlus Odit,OnePlus,Mobile,37981.27
10,Xiaomi Vel,Xiaomi,Mobile,29969.11
11,Xiaomi Quod,Xiaomi,Mobile,44562.3
12,OnePlus Omnis,OnePlus,Mobile,42770.74
13,Samsung Accusamus,Samsung,Mobile,30689.66
14,OnePlus Consequatur,OnePlus,Mobile,47683.51
15,OnePlus Culpa,OnePlus,Mobile,27007.22
16,Xiaomi Totam,Xiaomi,Mobile,4556.57
17,Apple Magnam,Apple,Mobile,15900.41
18,Apple Ipsa,Apple,Mobile,17428.98
19,OnePlus Consectetur,OnePlus,Mobile,13238.72
20,OnePlus Eligendi,OnePlus,Mobile,13009.03
21,Apple Maiores,Apple,Mobile,1788.44
22,Xiaomi Quod,Xiaomi,Mobile,18427.06
23,Samsung Libero,Samsung,Mobile,14304.04
24,OnePlus Quam,OnePlus,Mobile,46011.55
25,Apple Hic,Apple,Mobile,30720.82
26,Samsung Ut,Samsung,Mobile,31737.29
27,Xiaomi Quo,Xiaomi,Mobile,9996.36
28,Samsung Minus,Samsung,Mobile,15429.82
29,Xiaomi Quam,Xiaomi,Mobile,13920.78
30,Xiaomi Voluptates,Xiaomi,Mobile,2477.48
31,Apple Quis,Apple,Mobile,13950.09
32,Xiaomi Quis,Xiaomi,Mobile,1596.92
33,OnePlus Eos,OnePlus,Mobile,6787.57
34,Xiaomi Officia,Xiaomi,Mobile,39306.06
35,OnePlus Ipsum,OnePlus,Mobile,5217.08
36,Apple Quasi,Apple,Mobile,45176.47
37,Xiaomi Reprehenderit,Xiaomi,Mobile,7973.28
38,Xiaomi Quis,Xiaomi,Mobile,7805.57
39,OnePlus Eaque,OnePlus,Mobile,49376.52
40,OnePlus Quo,OnePlus,Mobile,29895.68
41,Samsung Sunt,Samsung,Mobile,22355.83
42,Samsung Inventore,Samsung,Mobile,12069.67
43,Samsung Odit,Samsung,Mobile,34308.53
44,Xiaomi Fugit,Xiaomi,Mobile,45092.71
45,Samsung Ab,Samsung,Mobile,7941.84
46,OnePlus Ea,OnePlus,Mobile,31395.46
47,Xiaomi Excepturi,Xiaomi,Mobile,8346.58
48,Apple Ullam,Apple,Mobile,25746.29
49,Samsung Rerum,Samsung,Mobile,12049.45
50,OnePlus Rem,OnePlus,Mobile,284.22
51,Xiaomi Corporis,Xiaomi,Mobile,22318.86
52,Xiaomi Molestiae,Xiaomi,Mobile,30079.41
53,Apple Maiores,Apple,Mobile,5630.56
54,Samsung Inventore,Samsung,Mobile,47171.81
55,OnePlus Eos,OnePlus,Mobile,46754.47
56,Samsung Necessitatibus,Samsung,Mobile,46388.29
57,Samsung Nesciunt,Samsung,Mobile,33741.81
58,OnePlus Quia,OnePlus,Mobile,30277.08
59,Samsung Soluta,Samsung,Mobile,23222.96
60,Xiaomi Soluta,Xiaomi,Mobile,21552.53
61,OnePlus Quia,OnePlus,Mobile,43697.85
62,Apple Est,Apple,Mobile,26898.4
63,Apple Nesciunt,Apple,Mobile,32785.15
64,Apple Commodi,Apple,Mobile,7652.03
65,Apple Error,Apple,Mobile,43032.15
66,Xiaomi Provident,Xiaomi,Mobile,45327.34
67,Samsung Voluptates,Samsung,Mobile,38121.97
68,OnePlus Eos,OnePlus,Mobile,40341.08
69,Xiaomi Quo,Xiaomi,Mobile,45261.42
70,OnePlus Nisi,OnePlus,Mobile,36207.97
71,Samsung Quia,Samsung,Mobile,2182.52
72,Apple Adipisci,Apple,Mobile,41998.18
73,Apple Corporis,Apple,Mobile,11454.76
74,OnePlus Architecto,OnePlus,Mobile,4031.06
75,OnePlus Ullam,OnePlus,Mobile,36343.36
76,Xiaomi Dolorum,Xiaomi,Mobile,43127.5
77,Samsung Reprehenderit,Samsung,Mobile,36148.06
78,Xiaomi Veniam,Xiaomi,Mobile,40071.1
79,OnePlus Ducimus,OnePlus,Mobile,24561.72
80,OnePlus Minus,OnePlus,Mobile,20882.9
81,OnePlus Molestias,OnePlus,Mobile,23938.95
82,Xiaomi Ipsa,Xiaomi,Mobile,18861.43
83,OnePlus Unde,OnePlus,Mobile,31351.66
84,Samsung Atque,Samsung,Mobile,48292.11
85,Apple Architecto,Apple,Mobile,11141.4
86,Xiaomi Rerum,Xiaomi,Mobile,23310.59
87,Samsung Vel,Samsung,Mobile,42163.38
88,Apple Commodi,Apple,Mobile,29597.46
89,Samsung Assumenda,Samsung,Mobile,3885.23
90,Xiaomi Libero,Xiaomi,Mobile,43600.72
91,Apple Iste,Apple,Mobile,19263.34
92,OnePlus Repellendus,OnePlus,Mobile,27614.82
93,OnePlus Totam,OnePlus,Mobile,30717.42
94,Xiaomi Voluptate,Xiaomi,Mobile,9069.93
95,Apple Autem,Apple,Mobile,46856.05
96,Apple Molestias,Apple,Mobile,32472.35
97,Xiaomi Modi,Xiaomi,Mobile,27544.82
98,Apple Quisquam,Apple,Mobile,42529.55
99,OnePlus Magnam,OnePlus,Mobile,9596.72
100,Xiaomi Debitis,Xiaomi,Mobile,44766.55
101,OnePlus Eligendi,OnePlus,Mobile,837.84
102,Xiaomi Recusandae,Xiaomi,Mobile,4567.68
103,Xiaomi Eius,Xiaomi,Mobile,37402.74
104,Xiaomi Est,Xiaomi,Mobile,7625.75
105,Apple Alias,Apple,Mobile,41239.13
106,OnePlus Nemo,OnePlus,Mobile,43627.8
107,Samsung Fugit,Samsung,Mobile,33113.34
108,OnePlus Rem,OnePlus,Mobile,18561.26
109,Apple Est,Apple,Mobile,26234.08
110,Xiaomi Aliquam,Xiaomi,Mobile,34847.08
111,Xiaomi Doloremque,Xiaomi,Mobile,13768.62
112,OnePlus Rem,OnePlus,Mobile,14961.34
113,Samsung Animi,Samsung,Mobile,43374.82
114,OnePlus Ad,OnePlus,Mobile,36405.19
115,Samsung Exercitationem,Samsung,Mobile,29355.87
116,Samsung Quo,Samsung,Mobile,21167.01
117,OnePlus Animi,OnePlus,Mobile,12429.36
118,Xiaomi Sint,Xiaomi,Mobile,40905.11
119,OnePlus Expedita,OnePlus,Mobile,20786.3
120,Xiaomi Tenetur,Xiaomi,Mobile,8583.8
121,Apple Maxime,Apple,Mobile,28406.96
122,Xiaomi Dolore,Xiaomi,Mobile,15341.68
123,Xiaomi Ipsa,Xiaomi,Mobile,26510.3
124,Samsung Excepturi,Samsung,Mobile,25001.93
125,OnePlus Quia,OnePlus,Mobile,957.01
126,OnePlus Dolorem,OnePlus,Mobile,25050.03
127,Samsung Quis,Samsung,Mobile,12238.77
128,Samsung Aperiam,Samsung,Mobile,24433.24
129,Xiaomi Voluptatibus,Xiaomi,Mobile,1501.25
130,Samsung Vero,Samsung,Mobile,3768.24
131,Xiaomi Voluptatem,Xiaomi,Mobile,1185.74
132,OnePlus Officia,OnePlus,Mobile,9181.51
133,OnePlus Odio,OnePlus,Mobile,42574.14
134,Samsung Modi,Samsung,Mobile,44037.2
135,Xiaomi Expedita,Xiaomi,Mobile,20701.99
136,Samsung Tenetur,Samsung,Mobile,19526.91
137,Apple Error,Apple,Mobile,31832.76
138,Samsung Enim,Samsung,Mobile,34458.06
139,OnePlus Unde,OnePlus,Mobile,32396.31
140,Samsung Eius,Samsung,Mobile,32953.78
141,Xiaomi Architecto,Xiaomi,Mobile,30749.35
142,Xiaomi Omnis,Xiaomi,Mobile,24611.31
143,Xiaomi Adipisci,Xiaomi,Mobile,15818.26
144,OnePlus Quae,OnePlus,Mobile,22988.77
145,OnePlus Consequatur,OnePlus,Mobile,6883.77
146,OnePlus Impedit,OnePlus,Mobile,34143.09
147,Samsung Excepturi,Samsung,Mobile,16566.48
148,Xiaomi Animi,Xiaomi,Mobile,19706.28
149,OnePlus Quos,OnePlus,Mobile,26931.42
150,Samsung Culpa,Samsung,Mobile,8160.9
151,OnePlus Numquam,OnePlus,Mobile,45699.03
152,OnePlus A,OnePlus,Mobile,25174.43
153,Samsung Nisi,Samsung,Mobile,36085.55
154,Samsung Magni,Samsung,Mobile,24244.31
155,OnePlus Odio,OnePlus,Mobile,21556.46
156,OnePlus Nostrum,OnePlus,Mobile,29372.63
157,OnePlus Amet,OnePlus,Mobile,894.24
158,Samsung Quibusdam,Samsung,Mobile,5628.4
159,Samsung Vitae,Samsung,Mobile,31436.19
160,Samsung Autem,Samsung,Mobile,23556.44
161,Xiaomi Officiis,Xiaomi,Mobile,18560.99
162,Xiaomi Laudantium,Xiaomi,Mobile,33865.4
163,Samsung Consequatur,Samsung,Mobile,48459.93
164,OnePlus Aperiam,OnePlus,Mobile,45978.0
165,Xiaomi Quae,Xiaomi,Mobile,25490.04
166,OnePlus Labore,OnePlus,Mobile,19554.12
167,Samsung Dolor,Samsung,Mobile,28825.03
168,Xiaomi Dignissimos,Xiaomi,Mobile,24950.77
169,Samsung Odio,Samsung,Mobile,8800.5
170,Xiaomi Ducimus,Xiaomi,Mobile,1700.97
171,OnePlus Rerum,OnePlus,Mobile,690.38
172,OnePlus Nesciunt,OnePlus,Mobile,17955.76
173,Samsung Doloremque,Samsung,Mobile,28167.4
174,Apple Esse,Apple,Mobile,34880.2
175,OnePlus Veritatis,OnePlus,Mobile,37712.51
176,OnePlus Suscipit,OnePlus,Mobile,37059.21
177,Xiaomi Voluptatum,Xiaomi,Mobile,8964.5
178,Apple Hic,Apple,Mobile,8425.9
179,Xiaomi Sunt,Xiaomi,Mobile,10602.58
180,OnePlus Excepturi,OnePlus,Mobile,30781.58
181,OnePlus Nisi,OnePlus,Mobile,46219.04
182,Apple Molestias,Apple,Mobile,12955.91
183,OnePlus Suscipit,OnePlus,Mobile,34465.69
184,OnePlus Qui,OnePlus,Mobile,20763.51
185,Samsung Tenetur,Samsung,Mobile,26109.56
186,OnePlus Officiis,OnePlus,Mobile,13143.46
187,Xiaomi Magnam,Xiaomi,Mobile,24187.5
188,Apple Ad,Apple,Mobile,37613.95
189,Xiaomi Ab,Xiaomi,Mobile,44969.88
190,Samsung Iure,Samsung,Mobile,6107.34
191,Samsung Praesentium,Samsung,Mobile,28205.26
192,Samsung Dolores,Samsung,Mobile,42573.31
193,Apple Magni,Apple,Mobile,18604.25
194,Apple Earum,Apple,Mobile,7696.66
195,Apple Impedit,Apple,Mobile,35607.25
196,Apple Fugiat,Apple,Mobile,39600.37
197,Apple Dolorum,Apple,Mobile,28461.93
198,OnePlus Ducimus,OnePlus,Mobile,39538.02
199,Apple Architecto,Apple,Mobile,16879.52
200,Xiaomi Quis,Xiaomi,Mobile,11741.08
201,Xiaomi Iusto,Xiaomi,Mobile,850.11
202,Apple Mollitia,Apple,Mobile,11047.6
203,Samsung Dolor,Samsung,Mobile,37979.77
204,Samsung Rerum,Samsung,Mobile,45096.19
205,Apple Ducimus,Apple,Mobile,12450.39
206,OnePlus Dolorem,OnePlus,Mobile,41815.78
207,OnePlus Harum,OnePlus,Mobile,46538.77
208,Samsung Earum,Samsung,Mobile,45427.43
209,OnePlus Consequatur,OnePlus,Mobile,39074.0
210,OnePlus Quod,OnePlus,Mobile,1708.75
211,OnePlus Sunt,OnePlus,Mobile,42329.24
212,Xiaomi Autem,Xiaomi,Mobile,28716.77
213,Apple Commodi,Apple,Mobile,40547.98
214,OnePlus Odio,OnePlus,Mobile,29162.96
215,OnePlus Magni,OnePlus,Mobile,2979.1
216,Xiaomi Labore,Xiaomi,Mobile,44580.56
217,Samsung Quasi,Samsung,Mobile,44445.61
218,Xiaomi Vitae,Xiaomi,Mobile,35164.27
219,Xiaomi Velit,Xiaomi,Mobile,40521.16
220,OnePlus Asperiores,OnePlus,Mobile,10482.28
221,OnePlus Ipsa,OnePlus,Mobile,19105.59
222,Apple Vel,Apple,Mobile,34403.32
223,Apple Mollitia,Apple,Mobile,22631.06
224,Xiaomi Tempora,Xiaomi,Mobile,43162.85
225,Apple Distinctio,Apple,Mobile,28727.36
226,OnePlus Omnis,OnePlus,Mobile,16197.4
227,Samsung Fugit,Samsung,Mobile,13588.64
228,OnePlus Totam,OnePlus,Mobile,16216.09
229,Samsung Sapiente,Samsung,Mobile,48595.07
230,Apple Harum,Apple,Mobile,35813.59
231,Apple Dolores,Apple,Mobile,20458.23
232,Apple Facilis,Apple,Mobile,12865.11
233,Xiaomi Temporibus,Xiaomi,Mobile,5001.62
234,Samsung Eos,Samsung,Mobile,19452.25
235,Xiaomi Dignissimos,Xiaomi,Mobile,30553.21
236,Apple Quis,Apple,Mobile,4065.36
237,Samsung Repudiandae,Samsung,Mobile,40423.28
238,Xiaomi Fugiat,Xiaomi,Mobile,15986.33
239,Apple Occaecati,Apple,Mobile,38016.81
240,OnePlus Saepe,OnePlus,Mobile,40429.27
241,Apple Ipsum,Apple,Mobile,30797.2
242,Xiaomi Architecto,Xiaomi,Mobile,14637.24
243,Xiaomi Dolores,Xiaomi,Mobile,1997.58
244,OnePlus Magnam,OnePlus,Mobile,2846.77
245,Samsung Expedita,Samsung,Mobile,34224.77
246,Samsung Perferendis,Samsung,Mobile,32486.86
247,OnePlus Reiciendis,OnePlus,Mobile,49010.08
248,Apple Fugiat,Apple,Mobile,12641.16
249,Apple Ducimus,Apple,Mobile,25603.76
250,Apple Vero,Apple,Mobile,47981.41
251,Apple Possimus,Apple,Mobile,35345.53
252,Samsung Blanditiis,Samsung,Mobile,41747.02
253,Xiaomi Facere,Xiaomi,Mobile,24741.82
254,OnePlus Atque,OnePlus,Mobile,3367.99
255,OnePlus Itaque,OnePlus,Mobile,30236.52
256,Samsung Deleniti,Samsung,Mobile,35739.67
257,Xiaomi Blanditiis,Xiaomi,Mobile,15713.68
258,OnePlus Laudantium,OnePlus,Mobile,37706.0
259,Xiaomi Voluptatibus,Xiaomi,Mobile,45272.87
260,Xiaomi Numquam,Xiaomi,Mobile,8111.92
261,Samsung Distinctio,Samsung,Mobile,36098.19
262,OnePlus Voluptatibus,OnePlus,Mobile,859.11
263,Samsung Accusamus,Samsung,Mobile,1651.3
264,Xiaomi Praesentium,Xiaomi,Mobile,20338.41
265,Samsung Illo,Samsung,Mobile,36719.98
266,Xiaomi Ex,Xiaomi,Mobile,9516.24
267,Apple Et,Apple,Mobile,34029.85
268,Apple Quos,Apple,Mobile,38230.88
269,Xiaomi Veniam,Xiaomi,Mobile,868.59
270,Apple Natus,Apple,Mobile,24798.2
271,OnePlus Dolorum,OnePlus,Mobile,37168.62
272,Xiaomi Fugit,Xiaomi,Mobile,46417.05
273,Apple Pariatur,Apple,Mobile,41619.9
274,Samsung Sit,Samsung,Mobile,38697.49
275,Apple Eveniet,Apple,Mobile,36979.25
276,Apple Quisquam,Apple,Mobile,14482.43
277,Samsung Soluta,Samsung,Mobile,41827.42
278,Samsung Officiis,Samsung,Mobile,18611.07
279,Xiaomi Consequuntur,Xiaomi,Mobile,7474.68
280,Xiaomi Corporis,Xiaomi,Mobile,44455.37
281,Samsung Error,Samsung,Mobile,35591.28
282,Samsung Fugiat,Samsung,Mobile,23813.56
283,Xiaomi Vitae,Xiaomi,Mobile,17695.97
284,OnePlus Dolore,OnePlus,Mobile,7130.31
285,Xiaomi Consectetur,Xiaomi,Mobile,18568.92
286,Xiaomi Dignissimos,Xiaomi,Mobile,39564.17
287,Apple Voluptas,Apple,Mobile,6167.66
288,OnePlus Quas,OnePlus,Mobile,11154.0
289,Apple Temporibus,Apple,Mobile,36077.26
290,Samsung Numquam,Samsung,Mobile,46244.93
291,Xiaomi Molestias,Xiaomi,Mobile,35350.73
292,Xiaomi Officiis,Xiaomi,Mobile,31434.33
293,Samsung Voluptate,Samsung,Mobile,16838.53
294,Apple Ex,Apple,Mobile,27922.38
295,Xiaomi Nostrum,Xiaomi,Mobile,43849.25
296,Apple Quis,Apple,Mobile,48047.25
297,Samsung Repellat,Samsung,Mobile,814.54
298,Samsung Quam,Samsung,Mobile,12733.15
299,Samsung Similique,Samsung,Mobile,8894.75
300,OnePlus Enim,OnePlus,Mobile,12057.1
301,Xiaomi Sapiente,Xiaomi,Mobile,33357.89
302,OnePlus Id,OnePlus,Mobile,23479.67
303,Samsung Qui,Samsung,Mobile,24312.63
304,Apple Non,Apple,Mobile,10008.97
305,OnePlus Ea,OnePlus,Mobile,17034.25
306,Samsung Aut,Samsung,Mobile,13921.34
307,Samsung Voluptatem,Samsung,Mobile,29362.61
308,Samsung Cupiditate,Samsung,Mobile,13236.12
309,Samsung Repudiandae,Samsung,Mobile,49977.95
310,Samsung Ullam,Samsung,Mobile,39509.74
311,OnePlus Ratione,OnePlus,Mobile,35322.9
312,Samsung Quasi,Samsung,Mobile,5659.5
313,Apple Rem,Apple,Mobile,34405.12
314,Apple Repellendus,Apple,Mobile,45346.05
315,Xiaomi Eveniet,Xiaomi,Mobile,17610.96
316,Samsung Id,Samsung,Mobile,536.46
317,Xiaomi Accusantium,Xiaomi,Mobile,45655.45
318,Samsung Alias,Samsung,Mobile,36827.53
319,Xiaomi Sequi,Xiaomi,Mobile,20572.36
320,Xiaomi Nesciunt,Xiaomi,Mobile,5875.77
321,Samsung Velit,Samsung,Mobile,12827.29
322,Samsung Odio,Samsung,Mobile,37744.31
323,Xiaomi Voluptatibus,Xiaomi,Mobile,15145.22
324,Samsung Quaerat,Samsung,Mobile,11509.41
325,Apple Iure,Apple,Mobile,35165.32
326,Apple Odit,Apple,Mobile,43657.23
327,Samsung Adipisci,Samsung,Mobile,46968.15
328,Samsung Sapiente,Samsung,Mobile,34246.57
329,Xiaomi Et,Xiaomi,Mobile,37758.65
330,Samsung Aperiam,Samsung,Mobile,35385.91
331,OnePlus Temporibus,OnePlus,Mobile,35125.27
332,Xiaomi Debitis,Xiaomi,Mobile,37802.69
333,Samsung Eius,Samsung,Mobile,44957.28
334,OnePlus Deserunt,OnePlus,Mobile,2840.72
335,Samsung Mollitia,Samsung,Mobile,2856.31
336,Xiaomi Reprehenderit,Xiaomi,Mobile,22591.74
337,Samsung Odio,Samsung,Mobile,10545.73
338,Xiaomi Eos,Xiaomi,Mobile,25515.0
339,OnePlus Corrupti,OnePlus,Mobile,45612.77
340,OnePlus Mollitia,OnePlus,Mobile,42123.39
341,Xiaomi Vitae,Xiaomi,Mobile,32011.19
342,Xiaomi Ab,Xiaomi,Mobile,47169.06
343,Xiaomi Assumenda,Xiaomi,Mobile,40341.48
344,Apple Libero,Apple,Mobile,34170.82
345,OnePlus Voluptate,OnePlus,Mobile,23734.66
346,Xiaomi Quos,Xiaomi,Mobile,36016.96
347,Xiaomi Dolorem,Xiaomi,Mobile,10686.12
348,Apple Temporibus,Apple,Mobile,28501.08
349,Apple Autem,Apple,Mobile,23255.84
350,Xiaomi Ad,Xiaomi,Mobile,40746.92
351,Xiaomi Delectus,Xiaomi,Mobile,49365.65
352,Apple Dolores,Apple,Mobile,40842.54
353,Xiaomi Sed,Xiaomi,Mobile,27793.93
354,Xiaomi Quos,Xiaomi,Mobile,19291.74
355,Xiaomi Quos,Xiaomi,Mobile,35940.46
356,Samsung Aperiam,Samsung,Mobile,25376.05
357,Samsung Ex,Samsung,Mobile,38431.43
358,Apple Officia,Apple,Mobile,16871.72
359,OnePlus Repudiandae,OnePlus,Mobile,14163.2
360,OnePlus Repudiandae,OnePlus,Mobile,28517.51
361,Apple Dolores,Apple,Mobile,26431.09
362,Xiaomi Possimus,Xiaomi,Mobile,36634.4
363,Samsung Itaque,Samsung,Mobile,26098.3
364,Apple Distinctio,Apple,Mobile,16229.12
365,OnePlus Nobis,OnePlus,Mobile,24616.61
366,Samsung Nostrum,Samsung,Mobile,20015.74
367,Apple Assumenda,Apple,Mobile,32939.2
368,OnePlus Cupiditate,OnePlus,Mobile,1002.98
369,Samsung Iste,Samsung,Mobile,12090.86
370,Apple Deleniti,Apple,Mobile,583.65
371,Apple Asperiores,Apple,Mobile,47027.61
372,Samsung Voluptates,Samsung,Mobile,24167.12
373,Apple Quaerat,Apple,Mobile,49116.68
374,OnePlus Hic,OnePlus,Mobile,22116.72
375,OnePlus Quis,OnePlus,Mobile,1054.97
376,OnePlus Eaque,OnePlus,Mobile,45290.16
377,Apple Neque,Apple,Mobile,33727.04
378,Apple Dolorem,Apple,Mobile,20408.81
379,OnePlus Quia,OnePlus,Mobile,8761.05
380,Apple Earum,Apple,Mobile,27840.55
381,Samsung Vel,Samsung,Mobile,5779.59
382,Samsung Cupiditate,Samsung,Mobile,4760.28
383,Xiaomi Quis,Xiaomi,Mobile,47965.67
384,Apple Velit,Apple,Mobile,15344.55
385,Apple Dolorum,Apple,Mobile,10551.52
386,Apple Perspiciatis,Apple,Mobile,36968.79
387,OnePlus Occaecati,OnePlus,Mobile,1795.02
388,Apple Ab,Apple,Mobile,5707.53
389,Xiaomi Minus,Xiaomi,Mobile,28818.38
390,Apple Maxime,Apple,Mobile,34052.83
391,Samsung Aliquam,Samsung,Mobile,12524.57
392,Samsung A,Samsung,Mobile,33828.0
393,Apple Quaerat,Apple,Mobile,958.27
394,Samsung Sequi,Samsung,Mobile,22975.75
395,Samsung Aliquid,Samsung,Mobile,32394.04
396,OnePlus Quis,OnePlus,Mobile,40070.74
397,Apple Quae,Apple,Mobile,43083.24
398,Samsung Cupiditate,Samsung,Mobile,25253.45
399,Apple Aperiam,Apple,Mobile,47571.27
400,Xiaomi Magni,Xiaomi,Mobile,6422.36
401,Xiaomi Aperiam,Xiaomi,Mobile,7027.35
402,Apple Reprehenderit,Apple,Mobile,31207.11
403,Apple Sunt,Apple,Mobile,34116.07
404,Samsung Nobis,Samsung,Mobile,3284.68
405,Xiaomi Itaque,Xiaomi,Mobile,29589.28
406,Xiaomi Eaque,Xiaomi,Mobile,31987.42
407,Apple Officia,Apple,Mobile,46108.77
408,Samsung Expedita,Samsung,Mobile,30606.5
409,Apple Tenetur,Apple,Mobile,29755.62
410,OnePlus Pariatur,OnePlus,Mobile,35492.29
411,Apple Sit,Apple,Mobile,45827.78
412,Samsung Voluptates,Samsung,Mobile,10875.34
413,OnePlus Quia,OnePlus,Mobile,49017.21
414,Samsung Sed,Samsung,Mobile,31987.74
415,Xiaomi Ut,Xiaomi,Mobile,15076.34
416,Apple Quo,Apple,Mobile,18970.25
417,Xiaomi Pariatur,Xiaomi,Mobile,22456.42
418,Apple Eveniet,Apple,Mobile,40254.23
419,Apple Officiis,Apple,Mobile,26268.96
420,Apple Ex,Apple,Mobile,28442.62
421,Xiaomi Alias,Xiaomi,Mobile,2629.23
422,OnePlus Asperiores,OnePlus,Mobile,29153.6
423,Samsung Tenetur,Samsung,Mobile,10434.91
424,OnePlus Tempore,OnePlus,Mobile,29661.24
425,Xiaomi Soluta,Xiaomi,Mobile,6571.32
426,Samsung Corrupti,Samsung,Mobile,34698.34
427,Xiaomi Praesentium,Xiaomi,Mobile,17822.96
428,Apple Dignissimos,Apple,Mobile,7709.94
429,Xiaomi Fuga,Xiaomi,Mobile,43606.47
430,Apple Consequatur,Apple,Mobile,30460.8
431,Xiaomi Deleniti,Xiaomi,Mobile,3804.4
432,Samsung Voluptatum,Samsung,Mobile,3437.81
433,Apple Asperiores,Apple,Mobile,8528.65
434,Xiaomi Quis,Xiaomi,Mobile,42068.94
435,Xiaomi Ratione,Xiaomi,Mobile,19590.99
436,OnePlus In,OnePlus,Mobile,47022.07
437,OnePlus Saepe,OnePlus,Mobile,5909.82
438,Apple Molestiae,Apple,Mobile,40640.58
439,OnePlus Asperiores,OnePlus,Mobile,15853.7
440,OnePlus Rerum,OnePlus,Mobile,8199.39
441,Apple Temporibus,Apple,Mobile,47022.76
442,OnePlus Libero,OnePlus,Mobile,3890.91
443,Samsung Molestiae,Samsung,Mobile,3875.74
444,Samsung Eos,Samsung,Mobile,15079.41
445,Xiaomi Voluptatem,Xiaomi,Mobile,7552.65
446,Apple Libero,Apple,Mobile,19346.77
447,OnePlus Aperiam,OnePlus,Mobile,36098.68
448,Apple Esse,Apple,Mobile,15902.37
449,Samsung Quasi,Samsung,Mobile,10606.94
450,Apple Delectus,Apple,Mobile,40637.01
451,Lenovo Ab,Lenovo,Laptop,38974.87
452,Asus Accusantium,Asus,Laptop,1976.71
453,Asus Omnis,Asus,Laptop,10927.82
454,Asus Magni,Asus,Laptop,15765.17
455,HP Temporibus,HP,Laptop,8712.82
456,Dell Dolores,Dell,Laptop,43876.55
457,HP Perferendis,HP,Laptop,40717.16
458,Lenovo Et,Lenovo,Laptop,18687.13
459,Dell Non,Dell,Laptop,12150.94
460,Asus Inventore,Asus,Laptop,26686.93
461,HP Qui,HP,Laptop,8418.67
462,Dell Nemo,Dell,Laptop,378.49
463,Lenovo Nostrum,Lenovo,Laptop,25879.02
464,Lenovo Ab,Lenovo,Laptop,49398.65
465,Dell Dolorum,Dell,Laptop,13635.41
466,Lenovo Quae,Lenovo,Laptop,43820.15
467,HP Molestiae,HP,Laptop,48827.06
468,Asus Distinctio,Asus,Laptop,3971.83
469,Dell Expedita,Dell,Laptop,35446.63
470,Asus Tempora,Asus,Laptop,12696.64
471,HP Explicabo,HP,Laptop,37017.15
472,HP Exercitationem,HP,Laptop,13809.39
473,Asus Minus,Asus,Laptop,39032.67
474,HP Unde,HP,Laptop,967.6
475,HP Odio,HP,Laptop,6955.9
476,HP Dolore,HP,Laptop,3164.46
477,Lenovo Maiores,Lenovo,Laptop,4195.45
478,Dell Quod,Dell,Laptop,30989.57
479,Dell Optio,Dell,Laptop,42484.49
480,Lenovo Officia,Lenovo,Laptop,29021.79
481,Asus Corrupti,Asus,Laptop,39194.31
482,Dell Libero,Dell,Laptop,1459.93
483,HP Inventore,HP,Laptop,32398.53
484,Dell Esse,Dell,Laptop,9318.32
485,Dell Minima,Dell,Laptop,27456.73
486,Asus Eligendi,Asus,Laptop,5624.11
487,Asus Soluta,Asus,Laptop,46124.92
488,Lenovo Sapiente,Lenovo,Laptop,36744.29
489,Dell Delectus,Dell,Laptop,34033.16
490,Dell Quidem,Dell,Laptop,15457.98
491,Lenovo Maxime,Lenovo,Laptop,28454.2
492,Lenovo Consequuntur,Lenovo,Laptop,39133.23
493,HP Dicta,HP,Laptop,15479.14
494,Lenovo Non,Lenovo,Laptop,22029.2
495,HP Ullam,HP,Laptop,49001.22
496,Lenovo Eveniet,Lenovo,Laptop,40391.45
497,Dell Adipisci,Dell,Laptop,45252.02
498,Lenovo Nemo,Lenovo,Laptop,20217.55
499,Dell Nulla,Dell,Laptop,8884.28
500,Dell Non,Dell,Laptop,18567.14
501,Asus Qui,Asus,Laptop,37105.41
502,Dell Beatae,Dell,Laptop,6483.16
503,HP Esse,HP,Laptop,46349.79
504,Dell Placeat,Dell,Laptop,21232.14
505,Dell Rem,Dell,Laptop,16594.13
506,Lenovo Libero,Lenovo,Laptop,1174.24
507,Asus Dolores,Asus,Laptop,16054.94
508,Lenovo Tempore,Lenovo,Laptop,10679.78
509,HP Voluptas,HP,Laptop,35987.57
510,Dell Alias,Dell,Laptop,10150.35
511,Asus Excepturi,Asus,Laptop,706.08
512,Asus Exercitationem,Asus,Laptop,2474.51
513,HP Fugiat,HP,Laptop,31731.69
514,Asus Saepe,Asus,Laptop,36347.52
515,Asus Exercitationem,Asus,Laptop,6354.48
516,Dell Alias,Dell,Laptop,16657.61
517,HP Labore,HP,Laptop,17606.03
518,HP Dolorum,HP,Laptop,41979.34
519,Dell Suscipit,Dell,Laptop,11493.61
520,Asus Tempora,Asus,Laptop,18136.22
521,Dell Illum,Dell,Laptop,16626.12
522,Asus At,Asus,Laptop,9159.09
523,Lenovo Quisquam,Lenovo,Laptop,25844.49
524,Lenovo Corporis,Lenovo,Laptop,1478.63
525,Asus Aspernatur,Asus,Laptop,4765.89
526,Dell Animi,Dell,Laptop,25172.92
527,Asus Qui,Asus,Laptop,7948.92
528,HP Cumque,HP,Laptop,38013.84
529,Lenovo Veritatis,Lenovo,Laptop,1661.88
530,HP Quia,HP,Laptop,37615.12
531,Dell Nostrum,Dell,Laptop,32193.03
532,Lenovo Cum,Lenovo,Laptop,6271.31
533,Dell Ipsa,Dell,Laptop,33295.94
534,HP Vitae,HP,Laptop,9733.06
535,Dell Provident,Dell,Laptop,7568.15
536,Dell Culpa,Dell,Laptop,43094.73
537,HP Placeat,HP,Laptop,4079.95
538,Dell Accusantium,Dell,Laptop,3849.11
539,HP Accusamus,HP,Laptop,6391.7
540,Dell Enim,Dell,Laptop,7695.34
541,Dell Aperiam,Dell,Laptop,5935.52
542,Lenovo Laboriosam,Lenovo,Laptop,34888.63
543,HP Asperiores,HP,Laptop,370.69
544,Lenovo Dicta,Lenovo,Laptop,20999.18
545,Asus Ipsum,Asus,Laptop,6245.76
546,HP Et,HP,Laptop,23483.64
547,Asus Maiores,Asus,Laptop,7708.63
548,Lenovo Hic,Lenovo,Laptop,35823.3
549,Dell Illo,Dell,Laptop,40838.85
550,Dell Ea,Dell,Laptop,8238.14
551,Lenovo Maiores,Lenovo,Laptop,44765.44
552,Dell Neque,Dell,Laptop,7088.36
553,Dell Rerum,Dell,Laptop,39182.62
554,Asus Commodi,Asus,Laptop,205.25
555,Dell Nobis,Dell,Laptop,26507.65
556,Dell Quae,Dell,Laptop,24972.37
557,Asus Iusto,Asus,Laptop,21343.78
558,HP Minus,HP,Laptop,49329.98
559,Dell Ullam,Dell,Laptop,49437.69
560,HP Laboriosam,HP,Laptop,45597.41
561,Asus Totam,Asus,Laptop,9715.25
562,Dell Tenetur,Dell,Laptop,38496.43
563,Asus Nemo,Asus,Laptop,8727.4
564,Dell Tempora,Dell,Laptop,22974.16
565,Dell Quam,Dell,Laptop,945.38
566,HP Consectetur,HP,Laptop,7001.52
567,HP Adipisci,HP,Laptop,25365.44
568,Lenovo Eaque,Lenovo,Laptop,43657.86
569,Lenovo Asperiores,Lenovo,Laptop,17172.11
570,Dell Natus,Dell,Laptop,39271.14
571,Dell Consequuntur,Dell,Laptop,26702.74
572,Dell Praesentium,Dell,Laptop,34593.74
573,Lenovo Consequuntur,Lenovo,Laptop,17561.19
574,HP Unde,HP,Laptop,39725.9
575,HP Perspiciatis,HP,Laptop,48408.45
576,Dell Officiis,Dell,Laptop,38151.19
577,Dell Sit,Dell,Laptop,1000.97
578,Lenovo Ad,Lenovo,Laptop,49184.72
579,Dell Totam,Dell,Laptop,5400.8
580,HP Maxime,HP,Laptop,45974.86
581,Dell Sequi,Dell,Laptop,3093.61
582,Lenovo Ea,Lenovo,Laptop,23888.45
583,Asus Quas,Asus,Laptop,29905.03
584,Dell Magni,Dell,Laptop,39149.34
585,HP Molestias,HP,Laptop,41817.29
586,HP Inventore,HP,Laptop,2673.01
587,Asus Quasi,Asus,Laptop,7577.76
588,Lenovo Enim,Lenovo,Laptop,15544.86
589,Dell Quidem,Dell,Laptop,20504.01
590,HP Debitis,HP,Laptop,17395.49
591,Asus Fuga,Asus,Laptop,23246.3
592,Asus Voluptate,Asus,Laptop,4200.26
593,Dell Laudantium,Dell,Laptop,38485.47
594,Asus Voluptatum,Asus,Laptop,28656.1
595,HP Aperiam,HP,Laptop,43810.52
596,HP Eligendi,HP,Laptop,48915.1
597,HP Nam,HP,Laptop,23227.85
598,Dell Exercitationem,Dell,Laptop,7563.48
599,Dell Odit,Dell,Laptop,26516.61
600,Asus Itaque,Asus,Laptop,25352.26
601,Lenovo Natus,Lenovo,Laptop,6044.42
602,Asus Magni,Asus,Laptop,48017.02
603,Lenovo Illum,Lenovo,Laptop,44778.49
604,HP Maiores,HP,Laptop,31229.6
605,HP Temporibus,HP,Laptop,48763.06
606,Dell Reprehenderit,Dell,Laptop,43377.28
607,Asus Voluptates,Asus,Laptop,21488.23
608,Asus Expedita,Asus,Laptop,35751.09
609,Lenovo Eligendi,Lenovo,Laptop,35489.36
610,Dell Sint,Dell,Laptop,45284.73
611,HP Saepe,HP,Laptop,27346.4
612,HP Veniam,HP,Laptop,9432.85
613,Lenovo Qui,Lenovo,Laptop,44803.65
614,Asus Quam,Asus,Laptop,32332.87
615,Dell Commodi,Dell,Laptop,12907.6
616,Asus Et,Asus,Laptop,40768.21
617,Dell Molestiae,Dell,Laptop,48255.99
618,Lenovo Corporis,Lenovo,Laptop,8460.4
619,Lenovo Quibusdam,Lenovo,Laptop,10408.36
620,Dell Velit,Dell,Laptop,41891.98
621,HP Quia,HP,Laptop,22437.83
622,Asus Quam,Asus,Laptop,45464.18
623,Asus Quis,Asus,Laptop,16364.22
624,HP At,HP,Laptop,14048.75
625,Lenovo Dignissimos,Lenovo,Laptop,14955.24
626,Asus Ipsam,Asus,Laptop,48577.03
627,Asus Cupiditate,Asus,Laptop,44169.6
628,Asus Exercitationem,Asus,Laptop,24098.98
629,Lenovo Dicta,Lenovo,Laptop,22728.35
630,Asus Eveniet,Asus,Laptop,37865.69
631,Dell Eum,Dell,Laptop,44237.76
632,Lenovo Quidem,Lenovo,Laptop,15864.54
633,HP Suscipit,HP,Laptop,48293.25
634,HP Reiciendis,HP,Laptop,15340.66
635,Dell Amet,Dell,Laptop,31713.4
636,Lenovo Ipsum,Lenovo,Laptop,32944.45
637,Lenovo Eius,Lenovo,Laptop,4072.42
638,HP Reprehenderit,HP,Laptop,30510.4
639,Asus Dolorum,Asus,Laptop,44701.76
640,Asus Quod,Asus,Laptop,13371.36
641,Lenovo Fuga,Lenovo,Laptop,348.37
642,Asus Amet,Asus,Laptop,33022.71
643,Asus Qui,Asus,Laptop,3634.61
644,Asus Fugit,Asus,Laptop,49877.09
645,Lenovo Minus,Lenovo,Laptop,11244.63
646,Lenovo Est,Lenovo,Laptop,49693.93
647,Lenovo Maiores,Lenovo,Laptop,38476.96
648,Lenovo Porro,Lenovo,Laptop,45647.09
649,Lenovo Ab,Lenovo,Laptop,15264.09
650,Lenovo Iste,Lenovo,Laptop,24040.28
651,Asus Soluta,Asus,Laptop,31125.77
652,Asus Reiciendis,Asus,Laptop,25203.37
653,HP Corrupti,HP,Laptop,20305.21
654,Asus Culpa,Asus,Laptop,23136.53
655,Dell Repellat,Dell,Laptop,25841.39
656,HP Voluptates,HP,Laptop,36552.91
657,Dell Dolorum,Dell,Laptop,30688.31
658,Lenovo Eligendi,Lenovo,Laptop,43650.01
659,Lenovo Eum,Lenovo,Laptop,1791.18
660,Dell Molestias,Dell,Laptop,21661.09
661,HP Corrupti,HP,Laptop,45165.53
662,Dell Sit,Dell,Laptop,5369.46
663,Dell Occaecati,Dell,Laptop,39558.81
664,Lenovo Dolore,Lenovo,Laptop,11899.42
665,Lenovo Quam,Lenovo,Laptop,38602.9
666,HP Nulla,HP,Laptop,35082.79
667,HP Ipsa,HP,Laptop,14945.81
668,Dell Similique,Dell,Laptop,17867.57
669,HP Vero,HP,Laptop,40363.25
670,Asus Dicta,Asus,Laptop,29771.45
671,Dell Natus,Dell,Laptop,44832.47
672,Lenovo Debitis,Lenovo,Laptop,44182.48
673,Asus Illo,Asus,Laptop,2003.39
674,Lenovo Omnis,Lenovo,Laptop,10154.42
675,Dell Unde,Dell,Laptop,266.35
676,Lenovo Tempora,Lenovo,Laptop,14436.17
677,Asus Voluptatum,Asus,Laptop,22713.95
678,Dell Repudiandae,Dell,Laptop,49020.09
679,HP Delectus,HP,Laptop,4222.76
680,Dell Molestias,Dell,Laptop,36665.85
681,HP Omnis,HP,Laptop,13790.53
682,Dell Aspernatur,Dell,Laptop,40806.23
683,Lenovo Sequi,Lenovo,Laptop,24890.94
684,Asus Enim,Asus,Laptop,40561.14
685,Asus Minima,Asus,Laptop,30013.08
686,Asus Autem,Asus,Laptop,21514.17
687,Dell Velit,Dell,Laptop,14592.89
688,HP Est,HP,Laptop,918.77
689,Lenovo Esse,Lenovo,Laptop,19159.91
690,HP Dolore,HP,Laptop,33220.47
691,Dell Dolor,Dell,Laptop,34259.98
692,Dell Distinctio,Dell,Laptop,13211.66
693,HP Aut,HP,Laptop,44060.48
694,Lenovo Consectetur,Lenovo,Laptop,31720.59
695,HP Culpa,HP,Laptop,29982.59
696,Asus Dicta,Asus,Laptop,33547.33
697,Asus Error,Asus,Laptop,30427.08
698,HP Ad,HP,Laptop,4945.34
699,HP Nam,HP,Laptop,25903.6
700,HP Aspernatur,HP,Laptop,40365.76
701,Dell Veniam,Dell,Laptop,6788.51
702,HP Quis,HP,Laptop,18914.21
703,Lenovo Optio,Lenovo,Laptop,47977.22
704,Dell Numquam,Dell,Laptop,25947.24
705,HP Eum,HP,Laptop,16631.57
706,Dell Veritatis,Dell,Laptop,7984.87
707,Asus Maiores,Asus,Laptop,11576.89
708,Lenovo Praesentium,Lenovo,Laptop,11432.59
709,HP Necessitatibus,HP,Laptop,22348.75
710,Dell Natus,Dell,Laptop,34221.41
711,Dell Et,Dell,Laptop,35812.11
712,HP Praesentium,HP,Laptop,21163.28
713,Lenovo Qui,Lenovo,Laptop,18368.03
714,HP Possimus,HP,Laptop,5015.98
715,Lenovo Quas,Lenovo,Laptop,30917.55
716,Dell Repudiandae,Dell,Laptop,44483.43
717,Asus Vitae,Asus,Laptop,34934.73
718,Dell Vero,Dell,Laptop,2793.93
719,Asus Illum,Asus,Laptop,18008.67
720,Lenovo Tempore,Lenovo,Laptop,49381.76
721,Lenovo Tempora,Lenovo,Laptop,8416.37
722,Asus Repellat,Asus,Laptop,27910.0
723,Dell Occaecati,Dell,Laptop,42026.41
724,Asus Nemo,Asus,Laptop,44448.95
725,Asus Consequatur,Asus,Laptop,2494.06
726,Dell Tenetur,Dell,Laptop,5317.48
727,Dell Atque,Dell,Laptop,49902.46
728,Asus Dolorum,Asus,Laptop,27519.67
729,Asus Eligendi,Asus,Laptop,13559.62
730,Dell Possimus,Dell,Laptop,40014.78
731,Asus Eius,Asus,Laptop,5895.92
732,Dell Impedit,Dell,Laptop,16627.04
733,HP Incidunt,HP,Laptop,30116.55
734,HP Quisquam,HP,Laptop,18284.49
735,HP Modi,HP,Laptop,17797.22
736,Lenovo Deserunt,Lenovo,Laptop,2120.3
737,Dell Assumenda,Dell,Laptop,42867.67
738,Dell Iusto,Dell,Laptop,13928.18
739,Dell Veritatis,Dell,Laptop,356.19
740,Lenovo Assumenda,Lenovo,Laptop,36246.4
741,Lenovo Fugit,Lenovo,Laptop,13378.23
742,Lenovo Molestiae,Lenovo,Laptop,45479.57
743,HP Mollitia,HP,Laptop,39954.58
744,Dell Voluptatem,Dell,Laptop,40736.55
745,Dell Saepe,Dell,Laptop,9373.11
746,Asus Quas,Asus,Laptop,47107.14
747,HP Molestiae,HP,Laptop,20461.24
748,HP Et,HP,Laptop,17883.45
749,Lenovo Voluptatibus,Lenovo,Laptop,39692.16
750,Asus Dolor,Asus,Laptop,158.35
751,Dell Voluptates,Dell,Laptop,33480.92
752,Dell Labore,Dell,Laptop,19753.52
753,Lenovo Quaerat,Lenovo,Laptop,6907.63
754,Dell Nisi,Dell,Laptop,32675.14
755,Dell Assumenda,Dell,Laptop,14870.4
756,Dell Aspernatur,Dell,Laptop,29118.84
757,Lenovo Explicabo,Lenovo,Laptop,38805.92
758,Dell Est,Dell,Laptop,22828.81
759,Lenovo Rem,Lenovo,Laptop,49676.6
760,HP Eum,HP,Laptop,10960.07
761,Dell Iusto,Dell,Laptop,35833.06
762,Dell Iusto,Dell,Laptop,35658.28
763,Dell Vitae,Dell,Laptop,44480.17
764,Asus Explicabo,Asus,Laptop,42398.96
765,HP Molestiae,HP,Laptop,25363.34
766,Asus Quaerat,Asus,Laptop,16428.46
767,Dell Quia,Dell,Laptop,6989.5
768,Dell Amet,Dell,Laptop,20998.82
769,Asus Sequi,Asus,Laptop,32811.16
770,Lenovo Facilis,Lenovo,Laptop,46752.12
771,Dell Dolores,Dell,Laptop,8406.56
772,HP Corporis,HP,Laptop,48326.45
773,Asus Recusandae,Asus,Laptop,39426.04
774,Dell A,Dell,Laptop,17124.86
775,Dell Aut,Dell,Laptop,32097.16
776,Asus Cupiditate,Asus,Laptop,24134.23
777,HP Ea,HP,Laptop,5249.7
778,Asus Sapiente,Asus,Laptop,13627.59
779,HP Incidunt,HP,Laptop,2268.46
780,Lenovo Enim,Lenovo,Laptop,47832.44
781,Lenovo Iusto,Lenovo,Laptop,18046.65
782,Dell Quaerat,Dell,Laptop,40805.21
783,Lenovo Nihil,Lenovo,Laptop,33779.78
784,Lenovo Illo,Lenovo,Laptop,20729.09
785,HP Impedit,HP,Laptop,14053.87
786,HP Aperiam,HP,Laptop,27243.39
787,Asus Aut,Asus,Laptop,47994.8
788,Lenovo Corporis,Lenovo,Laptop,6189.78
789,Asus Ipsam,Asus,Laptop,40688.2
790,HP Non,HP,Laptop,4840.41
791,Asus Et,Asus,Laptop,8204.23
792,Asus Distinctio,Asus,Laptop,40764.91
793,Lenovo Corporis,Lenovo,Laptop,5234.81
794,HP Dolorum,HP,Laptop,20794.98
795,Lenovo Amet,Lenovo,Laptop,21156.26
796,Dell Explicabo,Dell,Laptop,16862.42
797,Lenovo Tempora,Lenovo,Laptop,30737.76
798,HP Cum,HP,Laptop,16865.22
799,HP Fugit,HP,Laptop,21083.89
800,Lenovo Inventore,Lenovo,Laptop,25614.52
801,Dell Ad,Dell,Laptop,42440.76
802,Dell Illum,Dell,Laptop,16822.95
803,Asus Sed,Asus,Laptop,31218.49
804,Lenovo Adipisci,Lenovo,Laptop,45556.44
805,HP Vitae,HP,Laptop,49876.29
806,Dell Architecto,Dell,Laptop,35631.12
807,HP Error,HP,Laptop,24865.73
808,Dell Maxime,Dell,Laptop,32781.35
809,HP Occaecati,HP,Laptop,12823.28
810,Dell Quisquam,Dell,Laptop,17565.83
811,HP Excepturi,HP,Laptop,11149.71
812,Asus Quasi,Asus,Laptop,11795.31
813,Asus Quibusdam,Asus,Laptop,13081.84
814,HP Soluta,HP,Laptop,20182.47
815,Dell Repellat,Dell,Laptop,32122.43
816,HP Dignissimos,HP,Laptop,35061.43
817,Asus Eum,Asus,Laptop,7181.11
818,Lenovo Impedit,Lenovo,Laptop,633.37
819,Asus Fugiat,Asus,Laptop,36810.2
820,Dell Hic,Dell,Laptop,2018.53
821,HP Odio,HP,Laptop,39338.6
822,Lenovo Nesciunt,Lenovo,Laptop,36815.09
823,HP Esse,HP,Laptop,11215.1
824,Asus Veritatis,Asus,Laptop,5662.37
825,Lenovo Eaque,Lenovo,Laptop,43289.74
826,Lenovo Labore,Lenovo,Laptop,22810.92
827,Lenovo Cupiditate,Lenovo,Laptop,13721.05
828,Dell Praesentium,Dell,Laptop,36588.04
829,Dell Voluptas,Dell,Laptop,46605.08
830,HP Doloribus,HP,Laptop,16787.94
831,Dell Repellat,Dell,Laptop,17230.53
832,HP Voluptatum,HP,Laptop,33133.18
833,Dell Reiciendis,Dell,Laptop,37864.76
834,Dell Esse,Dell,Laptop,36956.09
835,Dell Porro,Dell,Laptop,45033.3
836,HP Similique,HP,Laptop,35861.53
837,Asus Placeat,Asus,Laptop,5698.74
838,Lenovo Corrupti,Lenovo,Laptop,38895.77
839,HP Quo,HP,Laptop,8667.09
840,Lenovo Odio,Lenovo,Laptop,45710.11
841,Dell Perferendis,Dell,Laptop,27352.34
842,Dell Blanditiis,Dell,Laptop,46889.4
843,Asus Fuga,Asus,Laptop,18835.49
844,Lenovo Officia,Lenovo,Laptop,31592.14
845,Asus Aperiam,Asus,Laptop,20144.09
846,HP Fugiat,HP,Laptop,41120.86
847,Dell Nulla,Dell,Laptop,33949.28
848,Dell Sunt,Dell,Laptop,22285.91
849,Asus A,Asus,Laptop,46670.05
850,Asus Ea,Asus,Laptop,39357.73
851,Lenovo Architecto,Lenovo,Laptop,28734.18
852,HP Sequi,HP,Laptop,42728.73
853,Asus Veritatis,Asus,Laptop,23852.72
854,HP Possimus,HP,Laptop,21539.09
855,Dell Dignissimos,Dell,Laptop,29108.54
856,Asus Facere,Asus,Laptop,22702.59
857,Asus Ipsam,Asus,Laptop,30861.15
858,Dell Repudiandae,Dell,Laptop,7556.09
859,Dell Iure,Dell,Laptop,10611.4
860,Lenovo Vero,Lenovo,Laptop,25269.69
861,Lenovo Fuga,Lenovo,Laptop,49048.0
862,Lenovo A,Lenovo,Laptop,7661.05
863,HP Nostrum,HP,Laptop,30679.07
864,Dell Magni,Dell,Laptop,47678.63
865,Asus Dicta,Asus,Laptop,49976.72
866,Lenovo Commodi,Lenovo,Laptop,25880.02
867,Lenovo Totam,Lenovo,Laptop,32935.57
868,Dell Accusantium,Dell,Laptop,44068.47
869,Dell Nihil,Dell,Laptop,43101.82
870,HP Inventore,HP,Laptop,23451.7
871,Asus Reprehenderit,Asus,Laptop,23552.02
872,Dell Quos,Dell,Laptop,48201.61
873,Dell Consequatur,Dell,Laptop,35521.06
874,HP Quaerat,HP,Laptop,40429.07
875,Lenovo Dignissimos,Lenovo,Laptop,19530.97
876,Asus Expedita,Asus,Laptop,41321.6
877,HP Nisi,HP,Laptop,42404.93
878,Asus Velit,Asus,Laptop,2456.15
879,Dell Eos,Dell,Laptop,2616.74
880,Asus Ullam,Asus,Laptop,44198.46
881,Asus Fugiat,Asus,Laptop,23833.69
882,HP Deserunt,HP,Laptop,35324.47
883,HP Iure,HP,Laptop,47781.68
884,HP Accusantium,HP,Laptop,46905.65
885,Dell A,Dell,Laptop,30491.13
886,Asus Corporis,Asus,Laptop,14965.05
887,HP Ipsam,HP,Laptop,14021.45
888,Asus Aspernatur,Asus,Laptop,24652.54
889,HP Dicta,HP,Laptop,7929.65
890,Lenovo Neque,Lenovo,Laptop,47513.71
891,Lenovo Debitis,Lenovo,Laptop,6933.46
892,Asus Cupiditate,Asus,Laptop,38788.41
893,HP Quam,HP,Laptop,1939.0
894,Dell Tempora,Dell,Laptop,26462.79
895,Asus Aspernatur,Asus,Laptop,36511.76
896,Asus Dolores,Asus,Laptop,3886.43
897,Dell Natus,Dell,Laptop,41497.9
898,HP Laborum,HP,Laptop,46363.43
899,Dell Soluta,Dell,Laptop,37436.01
900,Lenovo Eligendi,Lenovo,Laptop,7238.11
901,IKEA Ut,IKEA,Furniture,39573.65
902,IKEA Architecto,IKEA,Furniture,41903.98
903,IKEA Voluptatibus,IKEA,Furniture,24238.81
904,Godrej Nesciunt,Godrej,Furniture,20696.49
905,Nilkamal Sapiente,Nilkamal,Furniture,5189.19
906,IKEA Necessitatibus,IKEA,Furniture,36234.06
907,IKEA Pariatur,IKEA,Furniture,27253.17
908,Nilkamal Numquam,Nilkamal,Furniture,1710.25
909,Godrej Cum,Godrej,Furniture,21361.56
910,Godrej Reprehenderit,Godrej,Furniture,37458.3
911,Godrej Iusto,Godrej,Furniture,27193.02
912,Godrej Quas,Godrej,Furniture,36522.06
913,Godrej Rem,Godrej,Furniture,40156.62
914,IKEA Laborum,IKEA,Furniture,4072.05
915,Godrej Reprehenderit,Godrej,Furniture,21837.57
916,IKEA A,IKEA,Furniture,239.02
917,Nilkamal Nobis,Nilkamal,Furniture,4651.68
918,Nilkamal Incidunt,Nilkamal,Furniture,5011.16
919,Godrej Ducimus,Godrej,Furniture,7808.67
920,Nilkamal Consectetur,Nilkamal,Furniture,47765.42
921,Nilkamal Ipsam,Nilkamal,Furniture,38430.0
922,Nilkamal Veniam,Nilkamal,Furniture,45840.94
923,IKEA Totam,IKEA,Furniture,43204.46
924,Nilkamal Iste,Nilkamal,Furniture,28354.34
925,Nilkamal Aliquam,Nilkamal,Furniture,43986.02
926,Nilkamal Facere,Nilkamal,Furniture,24783.99
927,IKEA Magnam,IKEA,Furniture,43452.46
928,Godrej Necessitatibus,Godrej,Furniture,12619.03
929,Godrej In,Godrej,Furniture,13147.63
930,IKEA Deserunt,IKEA,Furniture,46976.38
931,Nilkamal Aliquam,Nilkamal,Furniture,40617.28
932,IKEA Sint,IKEA,Furniture,18568.9
933,Godrej Vero,Godrej,Furniture,27139.17
934,IKEA Atque,IKEA,Furniture,5105.98
935,Nilkamal Odio,Nilkamal,Furniture,41064.13
936,Nilkamal Itaque,Nilkamal,Furniture,34691.01
937,Godrej Nisi,Godrej,Furniture,2497.94
938,IKEA Illo,IKEA,Furniture,47733.19
939,IKEA Reprehenderit,IKEA,Furniture,39765.29
940,Nilkamal Quis,Nilkamal,Furniture,30580.11
941,Nilkamal Natus,Nilkamal,Furniture,10296.71
942,Godrej Error,Godrej,Furniture,28789.69
943,Godrej Amet,Godrej,Furniture,33119.1
944,IKEA Incidunt,IKEA,Furniture,41833.01
945,Godrej Praesentium,Godrej,Furniture,39719.08
946,Godrej Pariatur,Godrej,Furniture,18252.32
947,Godrej Exercitationem,Godrej,Furniture,1666.22
948,IKEA Architecto,IKEA,Furniture,11176.71
949,IKEA Accusantium,IKEA,Furniture,9834.96
950,IKEA Rerum,IKEA,Furniture,17738.63
951,Nilkamal Consectetur,Nilkamal,Furniture,22233.66
952,Nilkamal Quidem,Nilkamal,Furniture,37631.31
953,Godrej Nihil,Godrej,Furniture,17014.61
954,Nilkamal Quo,Nilkamal,Furniture,36136.89
955,Godrej Itaque,Godrej,Furniture,11653.85
956,Nilkamal Natus,Nilkamal,Furniture,31935.68
957,Godrej Est,Godrej,Furniture,35155.69
958,Godrej Expedita,Godrej,Furniture,10598.18
959,Nilkamal Cum,Nilkamal,Furniture,49861.85
960,Nilkamal Aspernatur,Nilkamal,Furniture,10815.61
961,Godrej Voluptatem,Godrej,Furniture,36734.28
962,Godrej Distinctio,Godrej,Furniture,35008.13
963,Nilkamal Nisi,Nilkamal,Furniture,37442.48
964,IKEA Facilis,IKEA,Furniture,43982.66
965,Godrej Saepe,Godrej,Furniture,39467.21
966,IKEA Fuga,IKEA,Furniture,18489.66
967,Nilkamal Consectetur,Nilkamal,Furniture,19447.77
968,IKEA Voluptatum,IKEA,Furniture,2904.18
969,IKEA Porro,IKEA,Furniture,20944.45
970,Godrej Veritatis,Godrej,Furniture,23942.36
971,Nilkamal Necessitatibus,Nilkamal,Furniture,43008.8
972,Godrej Beatae,Godrej,Furniture,46598.71
973,Nilkamal Dolorem,Nilkamal,Furniture,42079.33
974,Godrej At,Godrej,Furniture,40468.77
975,IKEA Optio,IKEA,Furniture,49453.68
976,Nilkamal Pariatur,Nilkamal,Furniture,5674.41
977,IKEA Nostrum,IKEA,Furniture,14322.7
978,Nilkamal Suscipit,Nilkamal,Furniture,30054.18
979,IKEA Explicabo,IKEA,Furniture,46101.08
980,Godrej Assumenda,Godrej,Furniture,21120.0
981,IKEA Ea,IKEA,Furniture,44474.5
982,Godrej Vitae,Godrej,Furniture,17212.6
983,Godrej Itaque,Godrej,Furniture,31506.14
984,Nilkamal Optio,Nilkamal,Furniture,33302.05
985,Godrej Dignissimos,Godrej,Furniture,4718.39
986,IKEA Impedit,IKEA,Furniture,39328.14
987,IKEA Commodi,IKEA,Furniture,32173.45
988,Godrej Nostrum,Godrej,Furniture,23831.09
989,Nilkamal Veritatis,Nilkamal,Furniture,32881.53
990,Godrej Pariatur,Godrej,Furniture,9439.52
991,Nilkamal Minus,Nilkamal,Furniture,16603.46
992,IKEA Provident,IKEA,Furniture,18111.4
993,Nilkamal Tenetur,Nilkamal,Furniture,2318.35
994,Godrej Alias,Godrej,Furniture,39264.62
995,IKEA Totam,IKEA,Furniture,29299.51
996,Godrej Temporibus,Godrej,Furniture,29339.63
997,IKEA Reprehenderit,IKEA,Furniture,9613.49
998,Nilkamal Consequuntur,Nilkamal,Furniture,9119.06
999,Nilkamal Voluptate,Nilkamal,Furniture,16882.31
1000,Nilkamal Impedit,Nilkamal,Furniture,47278.82
1001,IKEA Minus,IKEA,Furniture,40054.48
1002,IKEA Vel,IKEA,Furniture,42455.83
1003,Godrej Eveniet,Godrej,Furniture,33206.08
1004,IKEA Ipsum,IKEA,Furniture,34765.23
1005,Nilkamal Cupiditate,Nilkamal,Furniture,40571.87
1006,Godrej Deserunt,Godrej,Furniture,4509.47
1007,Godrej Laboriosam,Godrej,Furniture,8035.87
1008,Godrej Unde,Godrej,Furniture,18052.89
1009,IKEA Sed,IKEA,Furniture,23552.32
1010,IKEA Similique,IKEA,Furniture,2707.11
1011,IKEA Laudantium,IKEA,Furniture,39533.77
1012,Godrej Asperiores,Godrej,Furniture,38358.6
1013,IKEA Beatae,IKEA,Furniture,44464.63
1014,Nilkamal Laborum,Nilkamal,Furniture,31185.42
1015,Godrej Quos,Godrej,Furniture,43450.54
1016,Godrej Pariatur,Godrej,Furniture,27318.14
1017,IKEA Quas,IKEA,Furniture,12266.51
1018,Godrej Unde,Godrej,Furniture,35129.4
1019,Godrej Culpa,Godrej,Furniture,28513.16
1020,IKEA Quisquam,IKEA,Furniture,5266.75
1021,Godrej Distinctio,Godrej,Furniture,25407.13
1022,Nilkamal Odit,Nilkamal,Furniture,18259.69
1023,IKEA Doloribus,IKEA,Furniture,3099.19
1024,Nilkamal Eligendi,Nilkamal,Furniture,33174.72
1025,Godrej Temporibus,Godrej,Furniture,32126.67
1026,Nilkamal Quidem,Nilkamal,Furniture,33718.3
1027,IKEA Molestias,IKEA,Furniture,48001.84
1028,IKEA Nam,IKEA,Furniture,15199.54
1029,IKEA Aliquid,IKEA,Furniture,48424.88
1030,IKEA Necessitatibus,IKEA,Furniture,47131.64
1031,IKEA Ullam,IKEA,Furniture,307.54
1032,Nilkamal Totam,Nilkamal,Furniture,33902.88
1033,IKEA Esse,IKEA,Furniture,31052.43
1034,Nilkamal Eum,Nilkamal,Furniture,14089.85
1035,Nilkamal Laborum,Nilkamal,Furniture,22046.36
1036,Nilkamal Unde,Nilkamal,Furniture,35845.01
1037,Nilkamal Dicta,Nilkamal,Furniture,2727.92
1038,Nilkamal Necessitatibus,Nilkamal,Furniture,18018.41
1039,Godrej Quos,Godrej,Furniture,7791.65
1040,Nilkamal Quae,Nilkamal,Furniture,22359.09
1041,IKEA Earum,IKEA,Furniture,3717.46
1042,Godrej Placeat,Godrej,Furniture,19018.78
1043,IKEA Quas,IKEA,Furniture,3386.99
1044,Godrej Nulla,Godrej,Furniture,30273.58
1045,IKEA Modi,IKEA,Furniture,8755.12
1046,Nilkamal Reiciendis,Nilkamal,Furniture,11779.21
1047,IKEA Molestiae,IKEA,Furniture,18806.82
1048,Nilkamal Itaque,Nilkamal,Furniture,48712.38
1049,Godrej Molestias,Godrej,Furniture,20257.04
1050,Godrej Aut,Godrej,Furniture,27409.48
1051,IKEA Unde,IKEA,Furniture,9096.8
1052,Godrej Non,Godrej,Furniture,39892.1
1053,IKEA Libero,IKEA,Furniture,14645.24
1054,IKEA Accusantium,IKEA,Furniture,27854.88
1055,Nilkamal Expedita,Nilkamal,Furniture,40934.93
1056,Godrej Reprehenderit,Godrej,Furniture,36742.48
1057,Nilkamal Reiciendis,Nilkamal,Furniture,4512.48
1058,IKEA Ad,IKEA,Furniture,26926.91
1059,Nilkamal Culpa,Nilkamal,Furniture,31514.17
1060,IKEA Enim,IKEA,Furniture,16526.66
1061,Nilkamal Labore,Nilkamal,Furniture,30963.19
1062,IKEA Alias,IKEA,Furniture,26383.62
1063,Nilkamal Saepe,Nilkamal,Furniture,42429.43
1064,Nilkamal Ducimus,Nilkamal,Furniture,25273.16
1065,Nilkamal Libero,Nilkamal,Furniture,35274.39
1066,IKEA Architecto,IKEA,Furniture,43847.83
1067,IKEA Veritatis,IKEA,Furniture,28126.62
1068,Nilkamal Id,Nilkamal,Furniture,19048.86
1069,Godrej Vel,Godrej,Furniture,42839.13
1070,Godrej Nisi,Godrej,Furniture,15523.28
1071,Nilkamal Doloremque,Nilkamal,Furniture,18578.57
1072,Godrej Quibusdam,Godrej,Furniture,35108.99
1073,Godrej Architecto,Godrej,Furniture,30519.85
1074,IKEA Animi,IKEA,Furniture,14860.25
1075,Nilkamal Ad,Nilkamal,Furniture,28504.8
1076,IKEA Blanditiis,IKEA,Furniture,17177.07
1077,IKEA Dolores,IKEA,Furniture,26546.02
1078,IKEA Aut,IKEA,Furniture,15883.32
1079,Nilkamal Quaerat,Nilkamal,Furniture,2920.68
1080,Nilkamal Architecto,Nilkamal,Furniture,8036.2
1081,IKEA Nostrum,IKEA,Furniture,43290.98
1082,IKEA Consequatur,IKEA,Furniture,42130.21
1083,IKEA A,IKEA,Furniture,48125.55
1084,Nilkamal Aliquam,Nilkamal,Furniture,37693.23
1085,Godrej Vero,Godrej,Furniture,18749.26
1086,IKEA Mollitia,IKEA,Furniture,6117.37
1087,Nilkamal Minus,Nilkamal,Furniture,25883.63
1088,Nilkamal Ipsam,Nilkamal,Furniture,24898.78
1089,Nilkamal Placeat,Nilkamal,Furniture,23756.83
1090,IKEA Sint,IKEA,Furniture,42974.22
1091,IKEA Eos,IKEA,Furniture,15353.71
1092,Godrej Esse,Godrej,Furniture,21902.08
1093,Nilkamal Ratione,Nilkamal,Furniture,12245.72
1094,IKEA Voluptates,IKEA,Furniture,31855.8
1095,Nilkamal Dolore,Nilkamal,Furniture,19866.18
1096,IKEA Ea,IKEA,Furniture,25820.11
1097,Nilkamal Non,Nilkamal,Furniture,17799.3
1098,Godrej Tenetur,Godrej,Furniture,21478.69
1099,Nilkamal Officia,Nilkamal,Furniture,47078.41
1100,Godrej Voluptatem,Godrej,Furniture,6962.39
1101,IKEA Sequi,IKEA,Furniture,47303.57
1102,Godrej Molestiae,Godrej,Furniture,16507.81
1103,Nilkamal Sit,Nilkamal,Furniture,12544.77
1104,Nilkamal Aspernatur,Nilkamal,Furniture,46145.06
1105,Nilkamal Minus,Nilkamal,Furniture,19573.3
1106,Godrej Rerum,Godrej,Furniture,28111.29
1107,Godrej Sint,Godrej,Furniture,41867.54
1108,IKEA Facilis,IKEA,Furniture,6414.34
1109,Godrej Velit,Godrej,Furniture,19982.98
1110,Godrej Soluta,Godrej,Furniture,10993.05
1111,Nilkamal Voluptate,Nilkamal,Furniture,17761.06
1112,Godrej Mollitia,Godrej,Furniture,33102.59
1113,IKEA Doloribus,IKEA,Furniture,26135.59
1114,Nilkamal Magnam,Nilkamal,Furniture,2439.56
1115,Nilkamal Temporibus,Nilkamal,Furniture,14656.93
1116,Godrej Molestias,Godrej,Furniture,47289.51
1117,Godrej Ea,Godrej,Furniture,5894.89
1118,Godrej Odit,Godrej,Furniture,30019.0
1119,Nilkamal Dolores,Nilkamal,Furniture,6713.23
1120,Godrej Nam,Godrej,Furniture,23081.37
1121,Nilkamal Quasi,Nilkamal,Furniture,23092.82
1122,Godrej Libero,Godrej,Furniture,13484.76
1123,Nilkamal Enim,Nilkamal,Furniture,4241.1
1124,IKEA Ut,IKEA,Furniture,38792.11
1125,Nilkamal Quos,Nilkamal,Furniture,37357.49
1126,IKEA Repellendus,IKEA,Furniture,14996.15
1127,Godrej Exercitationem,Godrej,Furniture,7896.03
1128,Godrej Porro,Godrej,Furniture,18653.32
1129,Godrej Commodi,Godrej,Furniture,13750.52
1130,Nilkamal Explicabo,Nilkamal,Furniture,44432.05
1131,IKEA Quisquam,IKEA,Furniture,23102.46
1132,Godrej Illo,Godrej,Furniture,24334.68
1133,Godrej Nemo,Godrej,Furniture,4288.38
1134,Nilkamal Et,Nilkamal,Furniture,3021.96
1135,Nilkamal Officiis,Nilkamal,Furniture,5178.69
1136,Godrej Repudiandae,Godrej,Furniture,23402.46
1137,Godrej Nemo,Godrej,Furniture,24804.34
1138,Nilkamal Placeat,Nilkamal,Furniture,9814.95
1139,Godrej Recusandae,Godrej,Furniture,12116.44
1140,IKEA Modi,IKEA,Furniture,14997.24
1141,IKEA Molestias,IKEA,Furniture,29348.83
1142,Godrej Error,Godrej,Furniture,40737.16
1143,Nilkamal Itaque,Nilkamal,Furniture,23342.37
1144,Godrej Cupiditate,Godrej,Furniture,8731.33
1145,Godrej Rem,Godrej,Furniture,23594.87
1146,Godrej Nobis,Godrej,Furniture,18760.51
1147,IKEA Eaque,IKEA,Furniture,20596.14
1148,IKEA Itaque,IKEA,Furniture,45144.12
1149,Nilkamal Porro,Nilkamal,Furniture,41324.71
1150,Nilkamal Molestias,Nilkamal,Furniture,17905.9
1151,Godrej Corporis,Godrej,Furniture,36415.04
1152,IKEA Incidunt,IKEA,Furniture,18838.57
1153,Godrej Praesentium,Godrej,Furniture,18020.45
1154,Nilkamal Vel,Nilkamal,Furniture,42364.31
1155,Godrej Illo,Godrej,Furniture,27695.88
1156,IKEA Nihil,IKEA,Furniture,4670.68
1157,Godrej Quod,Godrej,Furniture,20878.34
1158,Nilkamal Sed,Nilkamal,Furniture,613.23
1159,Nilkamal Ut,Nilkamal,Furniture,20370.15
1160,Godrej Dicta,Godrej,Furniture,6119.68
1161,Nilkamal Est,Nilkamal,Furniture,12926.29
1162,Nilkamal Veniam,Nilkamal,Furniture,4158.13
1163,Nilkamal Laborum,Nilkamal,Furniture,29092.65
1164,IKEA Voluptate,IKEA,Furniture,40379.74
1165,Nilkamal Asperiores,Nilkamal,Furniture,8622.18
1166,IKEA Maxime,IKEA,Furniture,179.16
1167,IKEA Expedita,IKEA,Furniture,36694.4
1168,Nilkamal Sapiente,Nilkamal,Furniture,20833.14
1169,IKEA Iste,IKEA,Furniture,30000.76
1170,IKEA Ratione,IKEA,Furniture,3317.11
1171,IKEA Assumenda,IKEA,Furniture,27600.89
1172,Nilkamal In,Nilkamal,Furniture,33096.05
1173,Nilkamal Voluptatem,Nilkamal,Furniture,18412.07
1174,Nilkamal Eveniet,Nilkamal,Furniture,7898.89
1175,IKEA Quae,IKEA,Furniture,8752.91
1176,Godrej Voluptatibus,Godrej,Furniture,28920.12
1177,Godrej Ea,Godrej,Furniture,15130.71
1178,Godrej Iste,Godrej,Furniture,25421.07
1179,IKEA Dolor,IKEA,Furniture,7101.97
1180,Nilkamal Dignissimos,Nilkamal,Furniture,18574.41
1181,Nilkamal Soluta,Nilkamal,Furniture,34665.63
1182,Godrej Unde,Godrej,Furniture,27542.18
1183,IKEA Neque,IKEA,Furniture,38174.38
1184,IKEA Autem,IKEA,Furniture,46698.84
1185,IKEA Id,IKEA,Furniture,9947.62
1186,Nilkamal Consectetur,Nilkamal,Furniture,8208.02
1187,Nilkamal Cupiditate,Nilkamal,Furniture,14203.25
1188,Godrej At,Godrej,Furniture,47519.7
1189,Godrej Fugiat,Godrej,Furniture,14189.04
1190,Nilkamal Occaecati,Nilkamal,Furniture,27708.75
1191,Nilkamal Suscipit,Nilkamal,Furniture,15685.82
1192,Godrej Rerum,Godrej,Furniture,28119.75
1193,Godrej Molestiae,Godrej,Furniture,14655.12
1194,Nilkamal Sapiente,Nilkamal,Furniture,44585.41
1195,Nilkamal Cupiditate,Nilkamal,Furniture,24469.19
1196,Godrej Eligendi,Godrej,Furniture,14965.59
1197,Godrej Fugit,Godrej,Furniture,16766.51
1198,IKEA Fugit,IKEA,Furniture,47396.87
1199,Godrej Illum,Godrej,Furniture,38348.51
1200,Nilkamal Quidem,Nilkamal,Furniture,5231.76
1201,Godrej Beatae,Godrej,Furniture,458.54
1202,IKEA Veniam,IKEA,Furniture,2890.27
1203,Nilkamal Provident,Nilkamal,Furniture,12068.6
1204,Nilkamal Odio,Nilkamal,Furniture,29954.87
1205,IKEA Deleniti,IKEA,Furniture,41707.8
1206,IKEA Veritatis,IKEA,Furniture,16236.02
1207,IKEA Rem,IKEA,Furniture,24485.8
1208,Nilkamal Consectetur,Nilkamal,Furniture,47826.61
1209,Nilkamal Ut,Nilkamal,Furniture,29119.94
1210,Godrej Praesentium,Godrej,Furniture,4997.93
1211,Godrej Dolorum,Godrej,Furniture,23050.72
1212,Godrej Ipsa,Godrej,Furniture,30144.18
1213,IKEA Molestias,IKEA,Furniture,39724.06
1214,Godrej Voluptatem,Godrej,Furniture,10237.77
1215,IKEA Nostrum,IKEA,Furniture,3287.11
1216,IKEA Asperiores,IKEA,Furniture,18606.42
1217,Nilkamal Ullam,Nilkamal,Furniture,36225.75
1218,Nilkamal Eaque,Nilkamal,Furniture,34018.11
1219,Nilkamal Quaerat,Nilkamal,Furniture,44077.94
1220,Godrej Molestias,Godrej,Furniture,4125.39
1221,Godrej Ex,Godrej,Furniture,29035.01
1222,Nilkamal Fugit,Nilkamal,Furniture,47754.08
1223,Nilkamal Magni,Nilkamal,Furniture,49038.84
1224,Godrej Labore,Godrej,Furniture,16790.9
1225,IKEA Harum,IKEA,Furniture,24082.55
1226,Godrej Commodi,Godrej,Furniture,32196.34
1227,IKEA Occaecati,IKEA,Furniture,19280.29
1228,Nilkamal Laudantium,Nilkamal,Furniture,45657.57
1229,IKEA Maxime,IKEA,Furniture,10700.47
1230,IKEA Dolorem,IKEA,Furniture,18229.96
1231,IKEA Tempore,IKEA,Furniture,8368.27
1232,IKEA Aliquam,IKEA,Furniture,19806.85
1233,Godrej Ad,Godrej,Furniture,13256.29
1234,IKEA Dolorum,IKEA,Furniture,16227.33
1235,Nilkamal Eaque,Nilkamal,Furniture,43420.02
1236,IKEA Aperiam,IKEA,Furniture,41395.38
1237,IKEA Dicta,IKEA,Furniture,44658.32
1238,Nilkamal Fugiat,Nilkamal,Furniture,1994.08
1239,Nilkamal Quas,Nilkamal,Furniture,20389.18
1240,Nilkamal Eius,Nilkamal,Furniture,47594.74
1241,Nilkamal Eligendi,Nilkamal,Furniture,46235.68
1242,IKEA Natus,IKEA,Furniture,40387.75
1243,IKEA Maxime,IKEA,Furniture,35637.9
1244,IKEA Explicabo,IKEA,Furniture,6807.16
1245,Godrej Tempora,Godrej,Furniture,867.26
1246,Godrej Sed,Godrej,Furniture,43910.88
1247,IKEA Explicabo,IKEA,Furniture,19857.37
1248,Godrej Voluptas,Godrej,Furniture,11157.09
1249,Nilkamal Ipsam,Nilkamal,Furniture,10803.85
1250,Godrej In,Godrej,Furniture,1836.67
1251,Godrej Asperiores,Godrej,Furniture,45345.68
1252,Godrej Aut,Godrej,Furniture,15661.13
1253,Godrej Repellat,Godrej,Furniture,15257.73
1254,Godrej Qui,Godrej,Furniture,32514.39
1255,Nilkamal Distinctio,Nilkamal,Furniture,46352.6
1256,IKEA Ut,IKEA,Furniture,20644.91
1257,IKEA Magnam,IKEA,Furniture,40102.44
1258,Nilkamal Aspernatur,Nilkamal,Furniture,10332.4
1259,Nilkamal Eligendi,Nilkamal,Furniture,22026.93
1260,IKEA Tempora,IKEA,Furniture,45111.46
1261,Nilkamal Voluptatibus,Nilkamal,Furniture,3709.82
1262,IKEA Asperiores,IKEA,Furniture,12725.92
1263,IKEA Asperiores,IKEA,Furniture,25927.72
1264,IKEA Quod,IKEA,Furniture,1712.98
1265,Godrej Molestias,Godrej,Furniture,47774.7
1266,IKEA Explicabo,IKEA,Furniture,39708.99
1267,Nilkamal Ea,Nilkamal,Furniture,32507.69
1268,IKEA Nesciunt,IKEA,Furniture,38823.65
1269,Godrej Soluta,Godrej,Furniture,21665.83
1270,IKEA Odio,IKEA,Furniture,539.42
1271,Nilkamal Velit,Nilkamal,Furniture,40504.71
1272,Nilkamal Optio,Nilkamal,Furniture,16278.65
1273,Godrej Dolorem,Godrej,Furniture,40703.31
1274,IKEA Temporibus,IKEA,Furniture,34789.9
1275,Godrej Expedita,Godrej,Furniture,46480.2
1276,Nilkamal Laboriosam,Nilkamal,Furniture,47119.34
1277,IKEA Dolorem,IKEA,Furniture,25398.65
1278,Godrej A,Godrej,Furniture,47681.29
1279,IKEA Fuga,IKEA,Furniture,40681.66
1280,IKEA Neque,IKEA,Furniture,48406.17
1281,Nilkamal Facere,Nilkamal,Furniture,39783.81
1282,Godrej Nam,Godrej,Furniture,37090.72
1283,Nilkamal Asperiores,Nilkamal,Furniture,9799.43
1284,IKEA Corporis,IKEA,Furniture,31474.2
1285,Nilkamal Voluptas,Nilkamal,Furniture,1921.59
1286,Godrej Temporibus,Godrej,Furniture,1081.07
1287,IKEA Nulla,IKEA,Furniture,33956.81
1288,Nilkamal Nesciunt,Nilkamal,Furniture,32526.19
1289,IKEA Dignissimos,IKEA,Furniture,4046.68
1290,IKEA Cupiditate,IKEA,Furniture,2598.73
1291,Godrej Reiciendis,Godrej,Furniture,20390.23
1292,IKEA Deleniti,IKEA,Furniture,10406.17
1293,Godrej Est,Godrej,Furniture,32829.98
1294,Godrej Eum,Godrej,Furniture,7055.9
1295,IKEA Voluptate,IKEA,Furniture,6066.78
1296,Nilkamal Et,Nilkamal,Furniture,33431.83
1297,IKEA Aliquam,IKEA,Furniture,9376.09
1298,IKEA Reprehenderit,IKEA,Furniture,5098.51
1299,Nilkamal Dolor,Nilkamal,Furniture,10015.26
1300,Godrej Saepe,Godrej,Furniture,27236.18
1301,Godrej Perspiciatis,Godrej,Furniture,8254.71
1302,Nilkamal Sequi,Nilkamal,Furniture,12454.68
1303,Nilkamal Optio,Nilkamal,Furniture,37949.43
1304,Godrej Inventore,Godrej,Furniture,49184.87
1305,IKEA Expedita,IKEA,Furniture,7734.46
1306,IKEA Inventore,IKEA,Furniture,41767.5
1307,IKEA Suscipit,IKEA,Furniture,32960.92
1308,Nilkamal Quibusdam,Nilkamal,Furniture,39487.29
1309,Nilkamal Dignissimos,Nilkamal,Furniture,32298.91
1310,Godrej Dolorem,Godrej,Furniture,15616.4
1311,Nilkamal Suscipit,Nilkamal,Furniture,26137.84
1312,Nilkamal Accusantium,Nilkamal,Furniture,11966.18
1313,Nilkamal Tempora,Nilkamal,Furniture,26056.15
1314,Nilkamal Et,Nilkamal,Furniture,49339.78
1315,Nilkamal Esse,Nilkamal,Furniture,27760.59
1316,IKEA Non,IKEA,Furniture,23182.41
1317,IKEA Recusandae,IKEA,Furniture,34724.25
1318,IKEA Alias,IKEA,Furniture,33380.72
1319,IKEA Illum,IKEA,Furniture,26591.8
1320,Nilkamal Recusandae,Nilkamal,Furniture,36283.26
1321,IKEA Molestias,IKEA,Furniture,11763.66
1322,Godrej Ipsam,Godrej,Furniture,18316.27
1323,Nilkamal Facere,Nilkamal,Furniture,24448.92
1324,IKEA Aperiam,IKEA,Furniture,40747.89
1325,IKEA Officiis,IKEA,Furniture,11307.14
1326,IKEA Similique,IKEA,Furniture,30343.39
1327,Nilkamal Adipisci,Nilkamal,Furniture,23753.13
1328,Godrej Modi,Godrej,Furniture,9233.19
1329,Nilkamal Earum,Nilkamal,Furniture,18658.06
1330,IKEA Expedita,IKEA,Furniture,19754.38
1331,Nilkamal Atque,Nilkamal,Furniture,16456.89
1332,Nilkamal Repellat,Nilkamal,Furniture,47923.32
1333,IKEA Odio,IKEA,Furniture,40704.03
1334,Godrej Enim,Godrej,Furniture,47413.22
1335,Nilkamal Quia,Nilkamal,Furniture,8501.7
1336,IKEA Magnam,IKEA,Furniture,8896.06
1337,IKEA Esse,IKEA,Furniture,16729.29
1338,IKEA Veritatis,IKEA,Furniture,14443.76
1339,IKEA Explicabo,IKEA,Furniture,1966.88
1340,IKEA Voluptates,IKEA,Furniture,10394.05
1341,Nilkamal Voluptates,Nilkamal,Furniture,16684.46
1342,Godrej Officia,Godrej,Furniture,38655.9
1343,Godrej Impedit,Godrej,Furniture,14485.51
1344,Godrej Recusandae,Godrej,Furniture,34205.28
1345,IKEA Odio,IKEA,Furniture,19869.54
1346,Nilkamal Repudiandae,Nilkamal,Furniture,41097.79
1347,Godrej Quae,Godrej,Furniture,46328.98
1348,Nilkamal Numquam,Nilkamal,Furniture,38011.93
1349,Nilkamal Distinctio,Nilkamal,Furniture,11165.33
1350,Nilkamal Beatae,Nilkamal,Furniture,32667.3
1351,Britannia At,Britannia,Grocery,6175.17
1352,Britannia Iusto,Britannia,Grocery,43131.53
1353,Nestle Aspernatur,Nestle,Grocery,31393.75
1354,Nestle Eum,Nestle,Grocery,9807.82
1355,Amul Voluptatem,Amul,Grocery,43699.41
1356,Nestle Veniam,Nestle,Grocery,35157.44
1357,Britannia Sint,Britannia,Grocery,45063.31
1358,Amul Nulla,Amul,Grocery,18534.16
1359,Britannia Inventore,Britannia,Grocery,28754.02
1360,Nestle Adipisci,Nestle,Grocery,16147.88
1361,Amul Dolores,Amul,Grocery,27583.8
1362,Britannia Praesentium,Britannia,Grocery,41499.14
1363,Nestle Vero,Nestle,Grocery,45102.71
1364,Amul Autem,Amul,Grocery,12210.43
1365,Britannia Ab,Britannia,Grocery,531.42
1366,Amul Quibusdam,Amul,Grocery,3923.26
1367,Britannia Molestiae,Britannia,Grocery,7504.84
1368,Nestle Dolor,Nestle,Grocery,26971.14
1369,Nestle Suscipit,Nestle,Grocery,30346.54
1370,Britannia Necessitatibus,Britannia,Grocery,22416.52
1371,Amul Ullam,Amul,Grocery,28537.3
1372,Nestle Est,Nestle,Grocery,10107.84
1373,Amul Maiores,Amul,Grocery,31899.57
1374,Britannia Neque,Britannia,Grocery,21217.72
1375,Nestle Suscipit,Nestle,Grocery,24244.52
1376,Nestle Alias,Nestle,Grocery,17573.79
1377,Britannia Non,Britannia,Grocery,20986.56
1378,Britannia Eaque,Britannia,Grocery,34897.4
1379,Amul Officiis,Amul,Grocery,27623.34
1380,Amul Suscipit,Amul,Grocery,4777.29
1381,Nestle Delectus,Nestle,Grocery,45064.95
1382,Nestle Quaerat,Nestle,Grocery,4765.22
1383,Nestle Possimus,Nestle,Grocery,4005.32
1384,Britannia Perspiciatis,Britannia,Grocery,45094.77
1385,Nestle Soluta,Nestle,Grocery,37399.14
1386,Britannia Saepe,Britannia,Grocery,44012.0
1387,Britannia Dolorem,Britannia,Grocery,49152.11
1388,Nestle Culpa,Nestle,Grocery,29662.41
1389,Britannia Odit,Britannia,Grocery,12005.99
1390,Nestle Repellat,Nestle,Grocery,12578.93
1391,Britannia Fuga,Britannia,Grocery,35636.96
1392,Amul Sed,Amul,Grocery,28731.49
1393,Nestle Dolore,Nestle,Grocery,35485.61
1394,Britannia Nulla,Britannia,Grocery,41652.74
1395,Amul A,Amul,Grocery,34721.81
1396,Nestle Odit,Nestle,Grocery,48218.85
1397,Nestle Sunt,Nestle,Grocery,8394.13
1398,Britannia Facere,Britannia,Grocery,35589.56
1399,Amul Voluptates,Amul,Grocery,24944.57
1400,Britannia Itaque,Britannia,Grocery,17290.85
1401,Britannia Unde,Britannia,Grocery,40993.94
1402,Nestle Exercitationem,Nestle,Grocery,21510.83
1403,Nestle Inventore,Nestle,Grocery,14914.78
1404,Nestle Repellendus,Nestle,Grocery,22122.83
1405,Britannia Recusandae,Britannia,Grocery,17983.58
1406,Britannia Laudantium,Britannia,Grocery,44941.93
1407,Britannia Tenetur,Britannia,Grocery,28130.51
1408,Amul Excepturi,Amul,Grocery,20573.02
1409,Nestle Velit,Nestle,Grocery,19632.48
1410,Amul Consequatur,Amul,Grocery,37460.49
1411,Nestle Quae,Nestle,Grocery,34444.61
1412,Britannia Recusandae,Britannia,Grocery,8157.33
1413,Britannia Sequi,Britannia,Grocery,19467.65
1414,Nestle Corporis,Nestle,Grocery,36859.98
1415,Amul Aut,Amul,Grocery,4990.5
1416,Nestle Maiores,Nestle,Grocery,23179.23
1417,Britannia Ipsa,Britannia,Grocery,44444.6
1418,Britannia Iure,Britannia,Grocery,42224.9
1419,Britannia Vel,Britannia,Grocery,27187.26
1420,Britannia Ut,Britannia,Grocery,5905.76
1421,Britannia Voluptatibus,Britannia,Grocery,48341.8
1422,Britannia Eveniet,Britannia,Grocery,8349.07
1423,Britannia Fuga,Britannia,Grocery,14336.39
1424,Amul Iste,Amul,Grocery,45287.79
1425,Nestle Iusto,Nestle,Grocery,42696.06
1426,Amul Amet,Amul,Grocery,1601.31
1427,Nestle Non,Nestle,Grocery,24110.49
1428,Amul Nihil,Amul,Grocery,35838.92
1429,Amul Distinctio,Amul,Grocery,29631.73
1430,Amul Tenetur,Amul,Grocery,14344.9
1431,Nestle Eum,Nestle,Grocery,28846.93
1432,Nestle Quasi,Nestle,Grocery,24571.95
1433,Nestle Voluptatibus,Nestle,Grocery,45783.82
1434,Nestle Hic,Nestle,Grocery,8971.1
1435,Amul Ipsum,Amul,Grocery,48100.95
1436,Britannia Dignissimos,Britannia,Grocery,27641.79
1437,Britannia Iure,Britannia,Grocery,1234.39
1438,Nestle Ratione,Nestle,Grocery,5336.62
1439,Nestle Eligendi,Nestle,Grocery,38969.85
1440,Amul Nesciunt,Amul,Grocery,43922.67
1441,Nestle Doloremque,Nestle,Grocery,30561.48
1442,Nestle Omnis,Nestle,Grocery,21470.61
1443,Britannia Voluptate,Britannia,Grocery,11409.15
1444,Britannia Aut,Britannia,Grocery,24252.06
1445,Amul Iure,Amul,Grocery,45912.1
1446,Amul Molestiae,Amul,Grocery,30925.28
1447,Amul Placeat,Amul,Grocery,27392.37
1448,Nestle Quia,Nestle,Grocery,46775.2
1449,Britannia Totam,Britannia,Grocery,28126.42
1450,Britannia Dignissimos,Britannia,Grocery,43984.85
1451,Nestle Labore,Nestle,Grocery,34547.53
1452,Amul Deleniti,Amul,Grocery,32980.48
1453,Amul Quasi,Amul,Grocery,39631.73
1454,Britannia Natus,Britannia,Grocery,14765.64
1455,Nestle Nemo,Nestle,Grocery,22622.52
1456,Nestle Iste,Nestle,Grocery,25697.7
1457,Nestle Aperiam,Nestle,Grocery,30605.6
1458,Amul Ut,Amul,Grocery,19116.09
1459,Nestle Inventore,Nestle,Grocery,42570.45
1460,Amul Voluptatem,Amul,Grocery,48879.75
1461,Amul Error,Amul,Grocery,49957.39
1462,Amul Quisquam,Amul,Grocery,11087.3
1463,Nestle Sit,Nestle,Grocery,27839.25
1464,Britannia Et,Britannia,Grocery,47990.12
1465,Amul Delectus,Amul,Grocery,30352.8
1466,Amul Voluptatibus,Amul,Grocery,46401.72
1467,Amul Fugiat,Amul,Grocery,31717.75
1468,Amul Quam,Amul,Grocery,49205.06
1469,Nestle Quos,Nestle,Grocery,25793.64
1470,Amul Magnam,Amul,Grocery,32961.65
1471,Nestle Aperiam,Nestle,Grocery,46355.16
1472,Britannia Quam,Britannia,Grocery,31138.13
1473,Amul Nihil,Amul,Grocery,5572.79
1474,Nestle Perspiciatis,Nestle,Grocery,34016.87
1475,Britannia Dolorum,Britannia,Grocery,38457.99
1476,Nestle Occaecati,Nestle,Grocery,27536.12
1477,Amul Corporis,Amul,Grocery,36632.7
1478,Nestle Nam,Nestle,Grocery,17825.81
1479,Amul Omnis,Amul,Grocery,37163.92
1480,Amul Voluptas,Amul,Grocery,17871.88
1481,Amul Voluptate,Amul,Grocery,42231.92
1482,Nestle Sequi,Nestle,Grocery,36885.86
1483,Nestle Quae,Nestle,Grocery,13087.91
1484,Amul Deserunt,Amul,Grocery,16768.42
1485,Amul Velit,Amul,Grocery,22033.28
1486,Nestle Quae,Nestle,Grocery,19148.9
1487,Britannia Cupiditate,Britannia,Grocery,13785.16
1488,Amul Necessitatibus,Amul,Grocery,28628.1
1489,Britannia Voluptatum,Britannia,Grocery,3859.28
1490,Nestle Suscipit,Nestle,Grocery,22066.87
1491,Nestle Nesciunt,Nestle,Grocery,3409.56
1492,Amul Ipsum,Amul,Grocery,47090.75
1493,Britannia Ducimus,Britannia,Grocery,19200.18
1494,Nestle Labore,Nestle,Grocery,21456.25
1495,Britannia Asperiores,Britannia,Grocery,2731.49
1496,Britannia Sint,Britannia,Grocery,35264.56
1497,Britannia Mollitia,Britannia,Grocery,31568.76
1498,Britannia Voluptatem,Britannia,Grocery,13443.07
1499,Amul Autem,Amul,Grocery,18748.65
1500,Amul Velit,Amul,Grocery,49169.94
1501,Britannia Id,Britannia,Grocery,7810.07
1502,Amul Nulla,Amul,Grocery,15643.33
1503,Amul Placeat,Amul,Grocery,36580.69
1504,Britannia At,Britannia,Grocery,34134.6
1505,Nestle Corporis,Nestle,Grocery,15599.88
1506,Amul Nisi,Amul,Grocery,43250.84
1507,Nestle Aspernatur,Nestle,Grocery,33728.42
1508,Amul Necessitatibus,Amul,Grocery,29649.68
1509,Amul Quis,Amul,Grocery,8291.42
1510,Nestle Dolore,Nestle,Grocery,40096.41
1511,Nestle Quas,Nestle,Grocery,14564.15
1512,Nestle Eum,Nestle,Grocery,19623.57
1513,Britannia Amet,Britannia,Grocery,8082.37
1514,Britannia A,Britannia,Grocery,5271.22
1515,Britannia Reprehenderit,Britannia,Grocery,11511.15
1516,Britannia Eaque,Britannia,Grocery,2834.65
1517,Amul Quia,Amul,Grocery,179.72
1518,Britannia Quos,Britannia,Grocery,6597.29
1519,Britannia In,Britannia,Grocery,44129.22
1520,Nestle Eveniet,Nestle,Grocery,34515.11
1521,Britannia Quidem,Britannia,Grocery,38556.85
1522,Amul Culpa,Amul,Grocery,7430.41
1523,Amul Occaecati,Amul,Grocery,14159.95
1524,Nestle Ea,Nestle,Grocery,10502.39
1525,Amul Temporibus,Amul,Grocery,335.43
1526,Britannia Dolor,Britannia,Grocery,18276.94
1527,Amul Modi,Amul,Grocery,38016.54
1528,Britannia Perspiciatis,Britannia,Grocery,3023.71
1529,Amul Dicta,Amul,Grocery,27595.2
1530,Nestle Ad,Nestle,Grocery,12161.1
1531,Nestle Quod,Nestle,Grocery,30826.35
1532,Nestle Laudantium,Nestle,Grocery,11518.32
1533,Nestle Nostrum,Nestle,Grocery,3155.88
1534,Britannia Facere,Britannia,Grocery,863.67
1535,Amul Saepe,Amul,Grocery,17618.75
1536,Britannia Error,Britannia,Grocery,33828.39
1537,Amul Enim,Amul,Grocery,19924.7
1538,Nestle Recusandae,Nestle,Grocery,15269.31
1539,Nestle Consectetur,Nestle,Grocery,12750.34
1540,Britannia Facere,Britannia,Grocery,48282.83
1541,Nestle Dolore,Nestle,Grocery,6527.25
1542,Amul Impedit,Amul,Grocery,47613.55
1543,Nestle Explicabo,Nestle,Grocery,43766.12
1544,Amul Modi,Amul,Grocery,9969.38
1545,Amul Mollitia,Amul,Grocery,19960.2
1546,Britannia Qui,Britannia,Grocery,13702.64
1547,Nestle Dolorum,Nestle,Grocery,8031.34
1548,Britannia Minima,Britannia,Grocery,23540.44
1549,Nestle Itaque,Nestle,Grocery,34312.57
1550,Britannia Minima,Britannia,Grocery,12185.51
1551,Britannia Eum,Britannia,Grocery,31937.06
1552,Amul Rem,Amul,Grocery,14587.21
1553,Nestle Sequi,Nestle,Grocery,27777.63
1554,Amul Nemo,Amul,Grocery,20718.61
1555,Nestle Modi,Nestle,Grocery,29457.19
1556,Britannia Provident,Britannia,Grocery,6590.37
1557,Britannia Quas,Britannia,Grocery,49621.89
1558,Amul Necessitatibus,Amul,Grocery,4221.57
1559,Britannia Debitis,Britannia,Grocery,13767.89
1560,Nestle Animi,Nestle,Grocery,47623.57
1561,Nestle Expedita,Nestle,Grocery,22386.55
1562,Amul Aperiam,Amul,Grocery,12731.57
1563,Amul Delectus,Amul,Grocery,49795.21
1564,Nestle Deserunt,Nestle,Grocery,26636.27
1565,Britannia Voluptatum,Britannia,Grocery,8111.64
1566,Amul Ex,Amul,Grocery,18895.25
1567,Amul Consequatur,Amul,Grocery,29437.37
1568,Britannia Ipsa,Britannia,Grocery,45512.08
1569,Amul Occaecati,Amul,Grocery,43639.1
1570,Nestle Minus,Nestle,Grocery,32291.22
1571,Amul Sapiente,Amul,Grocery,14942.89
1572,Britannia Reprehenderit,Britannia,Grocery,17765.65
1573,Amul Doloribus,Amul,Grocery,46243.27
1574,Amul Hic,Amul,Grocery,1951.93
1575,Britannia Enim,Britannia,Grocery,42159.1
1576,Nestle Sint,Nestle,Grocery,42470.42
1577,Amul Voluptatum,Amul,Grocery,20824.12
1578,Britannia Illo,Britannia,Grocery,33134.82
1579,Britannia Accusamus,Britannia,Grocery,15212.96
1580,Amul Nihil,Amul,Grocery,32541.83
1581,Britannia Deserunt,Britannia,Grocery,12961.78
1582,Britannia Earum,Britannia,Grocery,17774.52
1583,Nestle Consequuntur,Nestle,Grocery,22879.17
1584,Amul Provident,Amul,Grocery,34679.03
1585,Nestle Neque,Nestle,Grocery,43887.36
1586,Britannia Laborum,Britannia,Grocery,24977.29
1587,Nestle Quisquam,Nestle,Grocery,3973.47
1588,Nestle Officia,Nestle,Grocery,31760.92
1589,Amul Incidunt,Amul,Grocery,44402.31
1590,Britannia Sequi,Britannia,Grocery,12608.75
1591,Amul Officiis,Amul,Grocery,37605.41
1592,Nestle Ab,Nestle,Grocery,32831.21
1593,Nestle Dolor,Nestle,Grocery,39939.11
1594,Nestle Recusandae,Nestle,Grocery,30668.58
1595,Amul Autem,Amul,Grocery,48587.43
1596,Britannia Consectetur,Britannia,Grocery,38970.22
1597,Britannia Nam,Britannia,Grocery,42210.85
1598,Amul Earum,Amul,Grocery,17977.68
1599,Amul Mollitia,Amul,Grocery,13839.12
1600,Britannia At,Britannia,Grocery,22898.75
1601,Britannia Odit,Britannia,Grocery,1805.88
1602,Nestle Cupiditate,Nestle,Grocery,28608.53
1603,Amul Soluta,Amul,Grocery,36966.18
1604,Nestle Deserunt,Nestle,Grocery,25526.96
1605,Nestle Illo,Nestle,Grocery,35029.5
1606,Britannia Sequi,Britannia,Grocery,40898.27
1607,Amul Quisquam,Amul,Grocery,36200.33
1608,Nestle Atque,Nestle,Grocery,31139.98
1609,Amul Totam,Amul,Grocery,31413.48
1610,Nestle Assumenda,Nestle,Grocery,16027.49
1611,Britannia Laborum,Britannia,Grocery,8135.56
1612,Nestle Mollitia,Nestle,Grocery,5023.79
1613,Amul Expedita,Amul,Grocery,43480.24
1614,Amul Eum,Amul,Grocery,4692.18
1615,Amul Excepturi,Amul,Grocery,16525.12
1616,Amul Aspernatur,Amul,Grocery,39845.42
1617,Britannia Nisi,Britannia,Grocery,21244.02
1618,Britannia Laudantium,Britannia,Grocery,14758.01
1619,Nestle Sunt,Nestle,Grocery,21642.02
1620,Amul Repudiandae,Amul,Grocery,17047.05
1621,Nestle Tempore,Nestle,Grocery,21980.17
1622,Nestle Veniam,Nestle,Grocery,26756.5
1623,Nestle Hic,Nestle,Grocery,14594.27
1624,Amul Reprehenderit,Amul,Grocery,32854.33
1625,Britannia Tempora,Britannia,Grocery,37930.13
1626,Britannia Quibusdam,Britannia,Grocery,2939.35
1627,Britannia Ab,Britannia,Grocery,28860.61
1628,Amul Veritatis,Amul,Grocery,45352.31
1629,Nestle Itaque,Nestle,Grocery,25601.37
1630,Nestle Cumque,Nestle,Grocery,9275.58
1631,Nestle Voluptate,Nestle,Grocery,42843.91
1632,Nestle Facere,Nestle,Grocery,10706.03
1633,Britannia Voluptas,Britannia,Grocery,28605.36
1634,Amul Temporibus,Amul,Grocery,8682.17
1635,Amul Autem,Amul,Grocery,25471.07
1636,Amul Eius,Amul,Grocery,40384.05
1637,Nestle Aut,Nestle,Grocery,18610.97
1638,Nestle Odio,Nestle,Grocery,5256.32
1639,Nestle Unde,Nestle,Grocery,49631.29
1640,Amul Culpa,Amul,Grocery,7596.27
1641,Amul Molestias,Amul,Grocery,44791.02
1642,Nestle Praesentium,Nestle,Grocery,44850.09
1643,Amul Id,Amul,Grocery,48323.12
1644,Nestle Incidunt,Nestle,Grocery,6518.64
1645,Amul Officia,Amul,Grocery,14447.42
1646,Nestle Iure,Nestle,Grocery,12833.24
1647,Britannia Dolor,Britannia,Grocery,24136.28
1648,Nestle Dignissimos,Nestle,Grocery,34393.17
1649,Amul Tenetur,Amul,Grocery,46047.06
1650,Amul Molestias,Amul,Grocery,36027.27
1651,Amul Cumque,Amul,Grocery,21953.45
1652,Amul Eveniet,Amul,Grocery,31277.87
1653,Nestle Inventore,Nestle,Grocery,25209.58
1654,Britannia Nemo,Britannia,Grocery,25708.09
1655,Britannia Odit,Britannia,Grocery,13149.58
1656,Amul Quam,Amul,Grocery,4061.2
1657,Britannia Iusto,Britannia,Grocery,33917.93
1658,Britannia Dolorum,Britannia,Grocery,38174.14
1659,Britannia Eveniet,Britannia,Grocery,34348.74
1660,Britannia Praesentium,Britannia,Grocery,32185.18
1661,Amul Iste,Amul,Grocery,26109.84
1662,Amul Tenetur,Amul,Grocery,11206.58
1663,Britannia Quasi,Britannia,Grocery,48365.34
1664,Nestle Perspiciatis,Nestle,Grocery,4632.01
1665,Britannia Voluptatum,Britannia,Grocery,23647.07
1666,Amul Error,Amul,Grocery,13441.9
1667,Amul Quidem,Amul,Grocery,11538.4
1668,Britannia Ipsa,Britannia,Grocery,46933.58
1669,Britannia Velit,Britannia,Grocery,23376.63
1670,Amul Hic,Amul,Grocery,6236.55
1671,Nestle Odio,Nestle,Grocery,9522.43
1672,Amul Natus,Amul,Grocery,46523.02
1673,Amul Iure,Amul,Grocery,934.77
1674,Nestle Tempora,Nestle,Grocery,39216.14
1675,Nestle Ipsam,Nestle,Grocery,31023.69
1676,Amul Aliquam,Amul,Grocery,1291.56
1677,Nestle Vitae,Nestle,Grocery,4186.81
1678,Nestle Modi,Nestle,Grocery,46472.77
1679,Amul Beatae,Amul,Grocery,37469.37
1680,Amul Ea,Amul,Grocery,5375.83
1681,Amul Itaque,Amul,Grocery,21836.29
1682,Britannia Repudiandae,Britannia,Grocery,7558.26
1683,Britannia Dolorem,Britannia,Grocery,45635.99
1684,Nestle Ipsum,Nestle,Grocery,36608.32
1685,Nestle Atque,Nestle,Grocery,30815.75
1686,Amul Quos,Amul,Grocery,25941.8
1687,Britannia Quod,Britannia,Grocery,20365.9
1688,Britannia Non,Britannia,Grocery,46752.88
1689,Nestle Expedita,Nestle,Grocery,11302.58
1690,Nestle Possimus,Nestle,Grocery,15298.42
1691,Amul Veniam,Amul,Grocery,11408.79
1692,Nestle Iste,Nestle,Grocery,45715.27
1693,Nestle Placeat,Nestle,Grocery,9913.39
1694,Amul Qui,Amul,Grocery,16565.56
1695,Nestle Mollitia,Nestle,Grocery,17362.69
1696,Britannia Ut,Britannia,Grocery,46580.12
1697,Amul Facilis,Amul,Grocery,3354.04
1698,Britannia Est,Britannia,Grocery,39148.68
1699,Amul Unde,Amul,Grocery,43375.69
1700,Amul Tempora,Amul,Grocery,41763.64
1701,Nestle Magnam,Nestle,Grocery,13552.93
1702,Nestle Qui,Nestle,Grocery,40487.65
1703,Nestle Eaque,Nestle,Grocery,32229.14
1704,Britannia Architecto,Britannia,Grocery,27839.2
1705,Britannia Optio,Britannia,Grocery,16392.32
1706,Nestle Voluptatem,Nestle,Grocery,6407.59
1707,Amul Voluptatibus,Amul,Grocery,29766.49
1708,Nestle Quibusdam,Nestle,Grocery,29462.42
1709,Britannia Ratione,Britannia,Grocery,40185.89
1710,Amul Assumenda,Amul,Grocery,13148.24
1711,Britannia Optio,Britannia,Grocery,22121.56
1712,Britannia Laudantium,Britannia,Grocery,36521.63
1713,Britannia Numquam,Britannia,Grocery,5133.23
1714,Nestle Ullam,Nestle,Grocery,48616.07
1715,Nestle Cum,Nestle,Grocery,4755.36
1716,Amul Aut,Amul,Grocery,14774.51
1717,Nestle Mollitia,Nestle,Grocery,44013.67
1718,Nestle Soluta,Nestle,Grocery,34119.15
1719,Nestle Dicta,Nestle,Grocery,5478.31
1720,Nestle At,Nestle,Grocery,47177.6
1721,Britannia Harum,Britannia,Grocery,4945.63
1722,Amul Vitae,Amul,Grocery,38384.41
1723,Britannia Exercitationem,Britannia,Grocery,35665.33
1724,Britannia Suscipit,Britannia,Grocery,17325.52
1725,Britannia Tempore,Britannia,Grocery,39961.22
1726,Amul Dicta,Amul,Grocery,44074.23
1727,Britannia Veritatis,Britannia,Grocery,18128.12
1728,Britannia Magni,Britannia,Grocery,18074.0
1729,Nestle Molestiae,Nestle,Grocery,40648.32
1730,Britannia Aut,Britannia,Grocery,2490.98
1731,Nestle Sed,Nestle,Grocery,41268.03
1732,Nestle Vero,Nestle,Grocery,7738.96
1733,Britannia Labore,Britannia,Grocery,3582.78
1734,Amul Reiciendis,Amul,Grocery,36015.75
1735,Britannia Magni,Britannia,Grocery,47190.76
1736,Amul Dicta,Amul,Grocery,24092.76
1737,Britannia Dolor,Britannia,Grocery,29386.17
1738,Britannia Quis,Britannia,Grocery,24908.45
1739,Nestle Vel,Nestle,Grocery,6719.36
1740,Amul Voluptas,Amul,Grocery,32438.11
1741,Britannia Pariatur,Britannia,Grocery,22902.29
1742,Amul Quis,Amul,Grocery,49886.73
1743,Amul Magnam,Amul,Grocery,42209.42
1744,Britannia Perferendis,Britannia,Grocery,39941.68
1745,Amul Voluptatum,Amul,Grocery,46876.54
1746,Britannia Nihil,Britannia,Grocery,17209.43
1747,Britannia Eius,Britannia,Grocery,42737.96
1748,Britannia Quia,Britannia,Grocery,26679.04
1749,Nestle Fuga,Nestle,Grocery,43019.0
1750,Nestle Inventore,Nestle,Grocery,10869.08
1751,Amul Labore,Amul,Grocery,24350.8
1752,Amul Ab,Amul,Grocery,41906.6
1753,Nestle Repellendus,Nestle,Grocery,26383.49
1754,Amul Quae,Amul,Grocery,17747.4
1755,Britannia Beatae,Britannia,Grocery,7362.8
1756,Amul Saepe,Amul,Grocery,24789.87
1757,Britannia Ab,Britannia,Grocery,40029.87
1758,Britannia Magnam,Britannia,Grocery,24049.67
1759,Nestle Quos,Nestle,Grocery,21907.97
1760,Britannia Enim,Britannia,Grocery,42620.7
1761,Amul Inventore,Amul,Grocery,1501.48
1762,Britannia Debitis,Britannia,Grocery,18839.23
1763,Amul Minima,Amul,Grocery,39977.77
1764,Britannia Minima,Britannia,Grocery,35680.83
1765,Nestle Iure,Nestle,Grocery,9836.26
1766,Britannia Vero,Britannia,Grocery,23765.47
1767,Nestle Alias,Nestle,Grocery,8741.53
1768,Britannia Laboriosam,Britannia,Grocery,26094.63
1769,Nestle Alias,Nestle,Grocery,23693.12
1770,Nestle Perferendis,Nestle,Grocery,3291.84
1771,Nestle At,Nestle,Grocery,13013.95
1772,Nestle Fugiat,Nestle,Grocery,45895.06
1773,Nestle Possimus,Nestle,Grocery,12371.18
1774,Britannia Eum,Britannia,Grocery,29514.07
1775,Britannia Neque,Britannia,Grocery,6092.43
1776,Nestle A,Nestle,Grocery,16837.14
1777,Nestle Facilis,Nestle,Grocery,37591.47
1778,Amul Maiores,Amul,Grocery,8180.14
1779,Amul Nam,Amul,Grocery,46598.77
1780,Nestle Minima,Nestle,Grocery,5536.14
1781,Britannia Vero,Britannia,Grocery,5718.66
1782,Amul Consequatur,Amul,Grocery,387.14
1783,Nestle Ex,Nestle,Grocery,22589.95
1784,Amul Illo,Amul,Grocery,14471.21
1785,Amul Necessitatibus,Amul,Grocery,10429.94
1786,Nestle Incidunt,Nestle,Grocery,31440.02
1787,Nestle Repudiandae,Nestle,Grocery,18861.43
1788,Britannia Perferendis,Britannia,Grocery,32314.4
1789,Amul Accusantium,Amul,Grocery,40747.44
1790,Amul Architecto,Amul,Grocery,14336.47
1791,Nestle Alias,Nestle,Grocery,11534.51
1792,Britannia Similique,Britannia,Grocery,8878.14
1793,Nestle Sed,Nestle,Grocery,23553.78
1794,Nestle Voluptas,Nestle,Grocery,18167.85
1795,Nestle Reprehenderit,Nestle,Grocery,31170.53
1796,Amul Reprehenderit,Amul,Grocery,28470.15
1797,Nestle Ipsum,Nestle,Grocery,42192.08
1798,Amul Iusto,Amul,Grocery,48258.1
1799,Nestle Nemo,Nestle,Grocery,21236.53
1800,Nestle Molestiae,Nestle,Grocery,37692.6
